{
  "type": "FeatureCollection",
  "features": [
    {
      "type": "Feature",
      "properties": {
        "geohash": "wx53b6f6",
        "floor": 30.0,
        "height": 30.0,
        "NAME": "测试"
      },
      "geometry": {
        "type": "Polygon",
        "coordinates": [
          [
            [117.08438873, 39.69806671, 10.0],
            [117.08473206, 39.69806671, 10.0],
            [117.08473206, 39.69823837, 10.0],
            [117.08438873, 39.69823837, 10.0],
            [117.08438873, 39.69806671, 10.0]
          ]
        ]
      }
    },
    {
      "type": "Feature",
      "properties": {
        "geohash": "wx53b2qq",
        "floor": 30.0,
        "height": 30.0,
        "NAME": "测试"
      },
      "geometry": {
        "type": "Polygon",
        "coordinates": [
          [
            [117.0898819, 39.68502045, 10.0],
            [117.09022522, 39.68502045, 10.0],
            [117.09022522, 39.68519211, 10.0],
            [117.0898819, 39.68519211, 10.0],
            [117.0898819, 39.68502045, 10.0]
          ]
        ]
      }
    },
    {
      "type": "Feature",
      "properties": {
        "geohash": "wx53b6f3",
        "floor": 30.0,
        "height": 30.0,
        "NAME": "测试"
      },
      "geometry": {
        "type": "Polygon",
        "coordinates": [
          [
            [117.08438873, 39.69789505, 10.0],
            [117.08473206, 39.69789505, 10.0],
            [117.08473206, 39.69806671, 10.0],
            [117.08438873, 39.69806671, 10.0],
            [117.08438873, 39.69789505, 10.0]
          ]
        ]
      }
    },
    {
      "type": "Feature",
      "properties": {
        "geohash": "wx53b6f8",
        "floor": 30.0,
        "height": 30.0,
        "NAME": "测试"
      },
      "geometry": {
        "type": "Polygon",
        "coordinates": [
          [
            [117.08473206, 39.69772339, 10.0],
            [117.08507538, 39.69772339, 10.0],
            [117.08507538, 39.69789505, 10.0],
            [117.08473206, 39.69789505, 10.0],
            [117.08473206, 39.69772339, 10.0]
          ]
        ]
      }
    },
    {
      "type": "Feature",
      "properties": {
        "geohash": "wx53b6dx",
        "floor": 30.0,
        "height": 30.0,
        "NAME": "测试"
      },
      "geometry": {
        "type": "Polygon",
        "coordinates": [
          [
            [117.08473206, 39.69755173, 10.0],
            [117.08507538, 39.69755173, 10.0],
            [117.08507538, 39.69772339, 10.0],
            [117.08473206, 39.69772339, 10.0],
            [117.08473206, 39.69755173, 10.0]
          ]
        ]
      }
    },
    {
      "type": "Feature",
      "properties": {
        "geohash": "wx53b6dw",
        "floor": 30.0,
        "height": 30.0,
        "NAME": "测试"
      },
      "geometry": {
        "type": "Polygon",
        "coordinates": [
          [
            [117.08473206, 39.69738007, 10.0],
            [117.08507538, 39.69738007, 10.0],
            [117.08507538, 39.69755173, 10.0],
            [117.08473206, 39.69755173, 10.0],
            [117.08473206, 39.69738007, 10.0]
          ]
        ]
      }
    },
    {
      "type": "Feature",
      "properties": {
        "geohash": "wx53b6dt",
        "floor": 30.0,
        "height": 30.0,
        "NAME": "测试"
      },
      "geometry": {
        "type": "Polygon",
        "coordinates": [
          [
            [117.08473206, 39.6972084, 10.0],
            [117.08507538, 39.6972084, 10.0],
            [117.08507538, 39.69738007, 10.0],
            [117.08473206, 39.69738007, 10.0],
            [117.08473206, 39.6972084, 10.0]
          ]
        ]
      }
    },
    {
      "type": "Feature",
      "properties": {
        "geohash": "wx53b6ds",
        "floor": 30.0,
        "height": 30.0,
        "NAME": "测试"
      },
      "geometry": {
        "type": "Polygon",
        "coordinates": [
          [
            [117.08473206, 39.69703674, 10.0],
            [117.08507538, 39.69703674, 10.0],
            [117.08507538, 39.6972084, 10.0],
            [117.08473206, 39.6972084, 10.0],
            [117.08473206, 39.69703674, 10.0]
          ]
        ]
      }
    },
    {
      "type": "Feature",
      "properties": {
        "geohash": "wx53b6dg",
        "floor": 30.0,
        "height": 30.0,
        "NAME": "测试"
      },
      "geometry": {
        "type": "Polygon",
        "coordinates": [
          [
            [117.08507538, 39.69686508, 10.0],
            [117.0854187, 39.69686508, 10.0],
            [117.0854187, 39.69703674, 10.0],
            [117.08507538, 39.69703674, 10.0],
            [117.08507538, 39.69686508, 10.0]
          ]
        ]
      }
    },
    {
      "type": "Feature",
      "properties": {
        "geohash": "wx53b6df",
        "floor": 30.0,
        "height": 30.0,
        "NAME": "测试"
      },
      "geometry": {
        "type": "Polygon",
        "coordinates": [
          [
            [117.08507538, 39.69669342, 10.0],
            [117.0854187, 39.69669342, 10.0],
            [117.0854187, 39.69686508, 10.0],
            [117.08507538, 39.69686508, 10.0],
            [117.08507538, 39.69669342, 10.0]
          ]
        ]
      }
    },
    {
      "type": "Feature",
      "properties": {
        "geohash": "wx53b6dc",
        "floor": 30.0,
        "height": 30.0,
        "NAME": "测试"
      },
      "geometry": {
        "type": "Polygon",
        "coordinates": [
          [
            [117.08507538, 39.69652176, 10.0],
            [117.0854187, 39.69652176, 10.0],
            [117.0854187, 39.69669342, 10.0],
            [117.08507538, 39.69669342, 10.0],
            [117.08507538, 39.69652176, 10.0]
          ]
        ]
      }
    },
    {
      "type": "Feature",
      "properties": {
        "geohash": "wx53b6db",
        "floor": 30.0,
        "height": 30.0,
        "NAME": "测试"
      },
      "geometry": {
        "type": "Polygon",
        "coordinates": [
          [
            [117.08507538, 39.6963501, 10.0],
            [117.0854187, 39.6963501, 10.0],
            [117.0854187, 39.69652176, 10.0],
            [117.08507538, 39.69652176, 10.0],
            [117.08507538, 39.6963501, 10.0]
          ]
        ]
      }
    },
    {
      "type": "Feature",
      "properties": {
        "geohash": "wx53b66z",
        "floor": 30.0,
        "height": 30.0,
        "NAME": "测试"
      },
      "geometry": {
        "type": "Polygon",
        "coordinates": [
          [
            [117.08507538, 39.69617844, 10.0],
            [117.0854187, 39.69617844, 10.0],
            [117.0854187, 39.6963501, 10.0],
            [117.08507538, 39.6963501, 10.0],
            [117.08507538, 39.69617844, 10.0]
          ]
        ]
      }
    },
    {
      "type": "Feature",
      "properties": {
        "geohash": "wx53b67n",
        "floor": 30.0,
        "height": 30.0,
        "NAME": "测试"
      },
      "geometry": {
        "type": "Polygon",
        "coordinates": [
          [
            [117.0854187, 39.69600677, 10.0],
            [117.08576202, 39.69600677, 10.0],
            [117.08576202, 39.69617844, 10.0],
            [117.0854187, 39.69617844, 10.0],
            [117.0854187, 39.69600677, 10.0]
          ]
        ]
      }
    },
    {
      "type": "Feature",
      "properties": {
        "geohash": "wx53b67j",
        "floor": 30.0,
        "height": 30.0,
        "NAME": "测试"
      },
      "geometry": {
        "type": "Polygon",
        "coordinates": [
          [
            [117.0854187, 39.69583511, 10.0],
            [117.08576202, 39.69583511, 10.0],
            [117.08576202, 39.69600677, 10.0],
            [117.0854187, 39.69600677, 10.0],
            [117.0854187, 39.69583511, 10.0]
          ]
        ]
      }
    },
    {
      "type": "Feature",
      "properties": {
        "geohash": "wx53b67h",
        "floor": 30.0,
        "height": 30.0,
        "NAME": "测试"
      },
      "geometry": {
        "type": "Polygon",
        "coordinates": [
          [
            [117.0854187, 39.69566345, 10.0],
            [117.08576202, 39.69566345, 10.0],
            [117.08576202, 39.69583511, 10.0],
            [117.0854187, 39.69583511, 10.0],
            [117.0854187, 39.69566345, 10.0]
          ]
        ]
      }
    },
    {
      "type": "Feature",
      "properties": {
        "geohash": "wx53b675",
        "floor": 30.0,
        "height": 30.0,
        "NAME": "测试"
      },
      "geometry": {
        "type": "Polygon",
        "coordinates": [
          [
            [117.0854187, 39.69549179, 10.0],
            [117.08576202, 39.69549179, 10.0],
            [117.08576202, 39.69566345, 10.0],
            [117.0854187, 39.69566345, 10.0],
            [117.0854187, 39.69549179, 10.0]
          ]
        ]
      }
    },
    {
      "type": "Feature",
      "properties": {
        "geohash": "wx53b674",
        "floor": 30.0,
        "height": 30.0,
        "NAME": "测试"
      },
      "geometry": {
        "type": "Polygon",
        "coordinates": [
          [
            [117.0854187, 39.69532013, 10.0],
            [117.08576202, 39.69532013, 10.0],
            [117.08576202, 39.69549179, 10.0],
            [117.0854187, 39.69549179, 10.0],
            [117.0854187, 39.69532013, 10.0]
          ]
        ]
      }
    },
    {
      "type": "Feature",
      "properties": {
        "geohash": "wx53b673",
        "floor": 30.0,
        "height": 30.0,
        "NAME": "测试"
      },
      "geometry": {
        "type": "Polygon",
        "coordinates": [
          [
            [117.08576202, 39.69514847, 10.0],
            [117.08610535, 39.69514847, 10.0],
            [117.08610535, 39.69532013, 10.0],
            [117.08576202, 39.69532013, 10.0],
            [117.08576202, 39.69514847, 10.0]
          ]
        ]
      }
    },
    {
      "type": "Feature",
      "properties": {
        "geohash": "wx53b672",
        "floor": 30.0,
        "height": 30.0,
        "NAME": "测试"
      },
      "geometry": {
        "type": "Polygon",
        "coordinates": [
          [
            [117.08576202, 39.69497681, 10.0],
            [117.08610535, 39.69497681, 10.0],
            [117.08610535, 39.69514847, 10.0],
            [117.08576202, 39.69514847, 10.0],
            [117.08576202, 39.69497681, 10.0]
          ]
        ]
      }
    },
    {
      "type": "Feature",
      "properties": {
        "geohash": "wx53b65r",
        "floor": 30.0,
        "height": 30.0,
        "NAME": "测试"
      },
      "geometry": {
        "type": "Polygon",
        "coordinates": [
          [
            [117.08576202, 39.69480515, 10.0],
            [117.08610535, 39.69480515, 10.0],
            [117.08610535, 39.69497681, 10.0],
            [117.08576202, 39.69497681, 10.0],
            [117.08576202, 39.69480515, 10.0]
          ]
        ]
      }
    },
    {
      "type": "Feature",
      "properties": {
        "geohash": "wx53b65q",
        "floor": 30.0,
        "height": 30.0,
        "NAME": "测试"
      },
      "geometry": {
        "type": "Polygon",
        "coordinates": [
          [
            [117.08576202, 39.69463348, 10.0],
            [117.08610535, 39.69463348, 10.0],
            [117.08610535, 39.69480515, 10.0],
            [117.08576202, 39.69480515, 10.0],
            [117.08576202, 39.69463348, 10.0]
          ]
        ]
      }
    },
    {
      "type": "Feature",
      "properties": {
        "geohash": "wx53b65m",
        "floor": 30.0,
        "height": 30.0,
        "NAME": "测试"
      },
      "geometry": {
        "type": "Polygon",
        "coordinates": [
          [
            [117.08576202, 39.69446182, 10.0],
            [117.08610535, 39.69446182, 10.0],
            [117.08610535, 39.69463348, 10.0],
            [117.08576202, 39.69463348, 10.0],
            [117.08576202, 39.69446182, 10.0]
          ]
        ]
      }
    },
    {
      "type": "Feature",
      "properties": {
        "geohash": "wx53b65t",
        "floor": 30.0,
        "height": 30.0,
        "NAME": "测试"
      },
      "geometry": {
        "type": "Polygon",
        "coordinates": [
          [
            [117.08610535, 39.69446182, 10.0],
            [117.08644867, 39.69446182, 10.0],
            [117.08644867, 39.69463348, 10.0],
            [117.08610535, 39.69463348, 10.0],
            [117.08610535, 39.69446182, 10.0]
          ]
        ]
      }
    },
    {
      "type": "Feature",
      "properties": {
        "geohash": "wx53b65s",
        "floor": 30.0,
        "height": 30.0,
        "NAME": "测试"
      },
      "geometry": {
        "type": "Polygon",
        "coordinates": [
          [
            [117.08610535, 39.69429016, 10.0],
            [117.08644867, 39.69429016, 10.0],
            [117.08644867, 39.69446182, 10.0],
            [117.08610535, 39.69446182, 10.0],
            [117.08610535, 39.69429016, 10.0]
          ]
        ]
      }
    },
    {
      "type": "Feature",
      "properties": {
        "geohash": "wx53b65e",
        "floor": 30.0,
        "height": 30.0,
        "NAME": "测试"
      },
      "geometry": {
        "type": "Polygon",
        "coordinates": [
          [
            [117.08610535, 39.6941185, 10.0],
            [117.08644867, 39.6941185, 10.0],
            [117.08644867, 39.69429016, 10.0],
            [117.08610535, 39.69429016, 10.0],
            [117.08610535, 39.6941185, 10.0]
          ]
        ]
      }
    },
    {
      "type": "Feature",
      "properties": {
        "geohash": "wx53b65d",
        "floor": 30.0,
        "height": 30.0,
        "NAME": "测试"
      },
      "geometry": {
        "type": "Polygon",
        "coordinates": [
          [
            [117.08610535, 39.69394684, 10.0],
            [117.08644867, 39.69394684, 10.0],
            [117.08644867, 39.6941185, 10.0],
            [117.08610535, 39.6941185, 10.0],
            [117.08610535, 39.69394684, 10.0]
          ]
        ]
      }
    },
    {
      "type": "Feature",
      "properties": {
        "geohash": "wx53b659",
        "floor": 30.0,
        "height": 30.0,
        "NAME": "测试"
      },
      "geometry": {
        "type": "Polygon",
        "coordinates": [
          [
            [117.08610535, 39.69377518, 10.0],
            [117.08644867, 39.69377518, 10.0],
            [117.08644867, 39.69394684, 10.0],
            [117.08610535, 39.69394684, 10.0],
            [117.08610535, 39.69377518, 10.0]
          ]
        ]
      }
    },
    {
      "type": "Feature",
      "properties": {
        "geohash": "wx53b658",
        "floor": 30.0,
        "height": 30.0,
        "NAME": "测试"
      },
      "geometry": {
        "type": "Polygon",
        "coordinates": [
          [
            [117.08610535, 39.69360352, 10.0],
            [117.08644867, 39.69360352, 10.0],
            [117.08644867, 39.69377518, 10.0],
            [117.08610535, 39.69377518, 10.0],
            [117.08610535, 39.69360352, 10.0]
          ]
        ]
      }
    },
    {
      "type": "Feature",
      "properties": {
        "geohash": "wx53b65b",
        "floor": 30.0,
        "height": 30.0,
        "NAME": "测试"
      },
      "geometry": {
        "type": "Polygon",
        "coordinates": [
          [
            [117.08644867, 39.69360352, 10.0],
            [117.08679199, 39.69360352, 10.0],
            [117.08679199, 39.69377518, 10.0],
            [117.08644867, 39.69377518, 10.0],
            [117.08644867, 39.69360352, 10.0]
          ]
        ]
      }
    },
    {
      "type": "Feature",
      "properties": {
        "geohash": "wx53b3gz",
        "floor": 30.0,
        "height": 30.0,
        "NAME": "测试"
      },
      "geometry": {
        "type": "Polygon",
        "coordinates": [
          [
            [117.08644867, 39.69343185, 10.0],
            [117.08679199, 39.69343185, 10.0],
            [117.08679199, 39.69360352, 10.0],
            [117.08644867, 39.69360352, 10.0],
            [117.08644867, 39.69343185, 10.0]
          ]
        ]
      }
    },
    {
      "type": "Feature",
      "properties": {
        "geohash": "wx53b3gy",
        "floor": 30.0,
        "height": 30.0,
        "NAME": "测试"
      },
      "geometry": {
        "type": "Polygon",
        "coordinates": [
          [
            [117.08644867, 39.69326019, 10.0],
            [117.08679199, 39.69326019, 10.0],
            [117.08679199, 39.69343185, 10.0],
            [117.08644867, 39.69343185, 10.0],
            [117.08644867, 39.69326019, 10.0]
          ]
        ]
      }
    },
    {
      "type": "Feature",
      "properties": {
        "geohash": "wx53b3gv",
        "floor": 30.0,
        "height": 30.0,
        "NAME": "测试"
      },
      "geometry": {
        "type": "Polygon",
        "coordinates": [
          [
            [117.08644867, 39.69308853, 10.0],
            [117.08679199, 39.69308853, 10.0],
            [117.08679199, 39.69326019, 10.0],
            [117.08644867, 39.69326019, 10.0],
            [117.08644867, 39.69308853, 10.0]
          ]
        ]
      }
    },
    {
      "type": "Feature",
      "properties": {
        "geohash": "wx53b3gu",
        "floor": 30.0,
        "height": 30.0,
        "NAME": "测试"
      },
      "geometry": {
        "type": "Polygon",
        "coordinates": [
          [
            [117.08644867, 39.69291687, 10.0],
            [117.08679199, 39.69291687, 10.0],
            [117.08679199, 39.69308853, 10.0],
            [117.08644867, 39.69308853, 10.0],
            [117.08644867, 39.69291687, 10.0]
          ]
        ]
      }
    },
    {
      "type": "Feature",
      "properties": {
        "geohash": "wx53b3u5",
        "floor": 30.0,
        "height": 30.0,
        "NAME": "测试"
      },
      "geometry": {
        "type": "Polygon",
        "coordinates": [
          [
            [117.08679199, 39.69274521, 10.0],
            [117.08713531, 39.69274521, 10.0],
            [117.08713531, 39.69291687, 10.0],
            [117.08679199, 39.69291687, 10.0],
            [117.08679199, 39.69274521, 10.0]
          ]
        ]
      }
    },
    {
      "type": "Feature",
      "properties": {
        "geohash": "wx53b3u4",
        "floor": 30.0,
        "height": 30.0,
        "NAME": "测试"
      },
      "geometry": {
        "type": "Polygon",
        "coordinates": [
          [
            [117.08679199, 39.69257355, 10.0],
            [117.08713531, 39.69257355, 10.0],
            [117.08713531, 39.69274521, 10.0],
            [117.08679199, 39.69274521, 10.0],
            [117.08679199, 39.69257355, 10.0]
          ]
        ]
      }
    },
    {
      "type": "Feature",
      "properties": {
        "geohash": "wx53b3u1",
        "floor": 30.0,
        "height": 30.0,
        "NAME": "测试"
      },
      "geometry": {
        "type": "Polygon",
        "coordinates": [
          [
            [117.08679199, 39.69240189, 10.0],
            [117.08713531, 39.69240189, 10.0],
            [117.08713531, 39.69257355, 10.0],
            [117.08679199, 39.69257355, 10.0],
            [117.08679199, 39.69240189, 10.0]
          ]
        ]
      }
    },
    {
      "type": "Feature",
      "properties": {
        "geohash": "wx53b3u0",
        "floor": 30.0,
        "height": 30.0,
        "NAME": "测试"
      },
      "geometry": {
        "type": "Polygon",
        "coordinates": [
          [
            [117.08679199, 39.69223022, 10.0],
            [117.08713531, 39.69223022, 10.0],
            [117.08713531, 39.69240189, 10.0],
            [117.08679199, 39.69240189, 10.0],
            [117.08679199, 39.69223022, 10.0]
          ]
        ]
      }
    },
    {
      "type": "Feature",
      "properties": {
        "geohash": "wx53b3sp",
        "floor": 30.0,
        "height": 30.0,
        "NAME": "测试"
      },
      "geometry": {
        "type": "Polygon",
        "coordinates": [
          [
            [117.08679199, 39.69205856, 10.0],
            [117.08713531, 39.69205856, 10.0],
            [117.08713531, 39.69223022, 10.0],
            [117.08679199, 39.69223022, 10.0],
            [117.08679199, 39.69205856, 10.0]
          ]
        ]
      }
    },
    {
      "type": "Feature",
      "properties": {
        "geohash": "wx53b3sq",
        "floor": 30.0,
        "height": 30.0,
        "NAME": "测试"
      },
      "geometry": {
        "type": "Polygon",
        "coordinates": [
          [
            [117.08713531, 39.6918869, 10.0],
            [117.08747864, 39.6918869, 10.0],
            [117.08747864, 39.69205856, 10.0],
            [117.08713531, 39.69205856, 10.0],
            [117.08713531, 39.6918869, 10.0]
          ]
        ]
      }
    },
    {
      "type": "Feature",
      "properties": {
        "geohash": "wx53b3sm",
        "floor": 30.0,
        "height": 30.0,
        "NAME": "测试"
      },
      "geometry": {
        "type": "Polygon",
        "coordinates": [
          [
            [117.08713531, 39.69171524, 10.0],
            [117.08747864, 39.69171524, 10.0],
            [117.08747864, 39.6918869, 10.0],
            [117.08713531, 39.6918869, 10.0],
            [117.08713531, 39.69171524, 10.0]
          ]
        ]
      }
    },
    {
      "type": "Feature",
      "properties": {
        "geohash": "wx53b3sk",
        "floor": 30.0,
        "height": 30.0,
        "NAME": "测试"
      },
      "geometry": {
        "type": "Polygon",
        "coordinates": [
          [
            [117.08713531, 39.69154358, 10.0],
            [117.08747864, 39.69154358, 10.0],
            [117.08747864, 39.69171524, 10.0],
            [117.08713531, 39.69171524, 10.0],
            [117.08713531, 39.69154358, 10.0]
          ]
        ]
      }
    },
    {
      "type": "Feature",
      "properties": {
        "geohash": "wx53b3s7",
        "floor": 30.0,
        "height": 30.0,
        "NAME": "测试"
      },
      "geometry": {
        "type": "Polygon",
        "coordinates": [
          [
            [117.08713531, 39.69137192, 10.0],
            [117.08747864, 39.69137192, 10.0],
            [117.08747864, 39.69154358, 10.0],
            [117.08713531, 39.69154358, 10.0],
            [117.08713531, 39.69137192, 10.0]
          ]
        ]
      }
    },
    {
      "type": "Feature",
      "properties": {
        "geohash": "wx53b3s6",
        "floor": 30.0,
        "height": 30.0,
        "NAME": "测试"
      },
      "geometry": {
        "type": "Polygon",
        "coordinates": [
          [
            [117.08713531, 39.69120026, 10.0],
            [117.08747864, 39.69120026, 10.0],
            [117.08747864, 39.69137192, 10.0],
            [117.08713531, 39.69137192, 10.0],
            [117.08713531, 39.69120026, 10.0]
          ]
        ]
      }
    },
    {
      "type": "Feature",
      "properties": {
        "geohash": "wx53b3s9",
        "floor": 30.0,
        "height": 30.0,
        "NAME": "测试"
      },
      "geometry": {
        "type": "Polygon",
        "coordinates": [
          [
            [117.08747864, 39.69102859, 10.0],
            [117.08782196, 39.69102859, 10.0],
            [117.08782196, 39.69120026, 10.0],
            [117.08747864, 39.69120026, 10.0],
            [117.08747864, 39.69102859, 10.0]
          ]
        ]
      }
    },
    {
      "type": "Feature",
      "properties": {
        "geohash": "wx53b3s8",
        "floor": 30.0,
        "height": 30.0,
        "NAME": "测试"
      },
      "geometry": {
        "type": "Polygon",
        "coordinates": [
          [
            [117.08747864, 39.69085693, 10.0],
            [117.08782196, 39.69085693, 10.0],
            [117.08782196, 39.69102859, 10.0],
            [117.08747864, 39.69102859, 10.0],
            [117.08747864, 39.69085693, 10.0]
          ]
        ]
      }
    },
    {
      "type": "Feature",
      "properties": {
        "geohash": "wx53b3kx",
        "floor": 30.0,
        "height": 30.0,
        "NAME": "测试"
      },
      "geometry": {
        "type": "Polygon",
        "coordinates": [
          [
            [117.08747864, 39.69068527, 10.0],
            [117.08782196, 39.69068527, 10.0],
            [117.08782196, 39.69085693, 10.0],
            [117.08747864, 39.69085693, 10.0],
            [117.08747864, 39.69068527, 10.0]
          ]
        ]
      }
    },
    {
      "type": "Feature",
      "properties": {
        "geohash": "wx53b3kw",
        "floor": 30.0,
        "height": 30.0,
        "NAME": "测试"
      },
      "geometry": {
        "type": "Polygon",
        "coordinates": [
          [
            [117.08747864, 39.69051361, 10.0],
            [117.08782196, 39.69051361, 10.0],
            [117.08782196, 39.69068527, 10.0],
            [117.08747864, 39.69068527, 10.0],
            [117.08747864, 39.69051361, 10.0]
          ]
        ]
      }
    },
    {
      "type": "Feature",
      "properties": {
        "geohash": "wx53b3kt",
        "floor": 30.0,
        "height": 30.0,
        "NAME": "测试"
      },
      "geometry": {
        "type": "Polygon",
        "coordinates": [
          [
            [117.08747864, 39.69034195, 10.0],
            [117.08782196, 39.69034195, 10.0],
            [117.08782196, 39.69051361, 10.0],
            [117.08747864, 39.69051361, 10.0],
            [117.08747864, 39.69034195, 10.0]
          ]
        ]
      }
    },
    {
      "type": "Feature",
      "properties": {
        "geohash": "wx53b3kv",
        "floor": 30.0,
        "height": 30.0,
        "NAME": "测试"
      },
      "geometry": {
        "type": "Polygon",
        "coordinates": [
          [
            [117.08782196, 39.69034195, 10.0],
            [117.08816528, 39.69034195, 10.0],
            [117.08816528, 39.69051361, 10.0],
            [117.08782196, 39.69051361, 10.0],
            [117.08782196, 39.69034195, 10.0]
          ]
        ]
      }
    },
    {
      "type": "Feature",
      "properties": {
        "geohash": "wx53b3ku",
        "floor": 30.0,
        "height": 30.0,
        "NAME": "测试"
      },
      "geometry": {
        "type": "Polygon",
        "coordinates": [
          [
            [117.08782196, 39.69017029, 10.0],
            [117.08816528, 39.69017029, 10.0],
            [117.08816528, 39.69034195, 10.0],
            [117.08782196, 39.69034195, 10.0],
            [117.08782196, 39.69017029, 10.0]
          ]
        ]
      }
    },
    {
      "type": "Feature",
      "properties": {
        "geohash": "wx53b3kg",
        "floor": 30.0,
        "height": 30.0,
        "NAME": "测试"
      },
      "geometry": {
        "type": "Polygon",
        "coordinates": [
          [
            [117.08782196, 39.68999863, 10.0],
            [117.08816528, 39.68999863, 10.0],
            [117.08816528, 39.69017029, 10.0],
            [117.08782196, 39.69017029, 10.0],
            [117.08782196, 39.68999863, 10.0]
          ]
        ]
      }
    },
    {
      "type": "Feature",
      "properties": {
        "geohash": "wx53b3kf",
        "floor": 30.0,
        "height": 30.0,
        "NAME": "测试"
      },
      "geometry": {
        "type": "Polygon",
        "coordinates": [
          [
            [117.08782196, 39.68982697, 10.0],
            [117.08816528, 39.68982697, 10.0],
            [117.08816528, 39.68999863, 10.0],
            [117.08782196, 39.68999863, 10.0],
            [117.08782196, 39.68982697, 10.0]
          ]
        ]
      }
    },
    {
      "type": "Feature",
      "properties": {
        "geohash": "wx53b3kc",
        "floor": 30.0,
        "height": 30.0,
        "NAME": "测试"
      },
      "geometry": {
        "type": "Polygon",
        "coordinates": [
          [
            [117.08782196, 39.6896553, 10.0],
            [117.08816528, 39.6896553, 10.0],
            [117.08816528, 39.68982697, 10.0],
            [117.08782196, 39.68982697, 10.0],
            [117.08782196, 39.6896553, 10.0]
          ]
        ]
      }
    },
    {
      "type": "Feature",
      "properties": {
        "geohash": "wx53b3kb",
        "floor": 30.0,
        "height": 30.0,
        "NAME": "测试"
      },
      "geometry": {
        "type": "Polygon",
        "coordinates": [
          [
            [117.08782196, 39.68948364, 10.0],
            [117.08816528, 39.68948364, 10.0],
            [117.08816528, 39.6896553, 10.0],
            [117.08782196, 39.6896553, 10.0],
            [117.08782196, 39.68948364, 10.0]
          ]
        ]
      }
    },
    {
      "type": "Feature",
      "properties": {
        "geohash": "wx53b3m0",
        "floor": 30.0,
        "height": 30.0,
        "NAME": "测试"
      },
      "geometry": {
        "type": "Polygon",
        "coordinates": [
          [
            [117.08816528, 39.68948364, 10.0],
            [117.08850861, 39.68948364, 10.0],
            [117.08850861, 39.6896553, 10.0],
            [117.08816528, 39.6896553, 10.0],
            [117.08816528, 39.68948364, 10.0]
          ]
        ]
      }
    },
    {
      "type": "Feature",
      "properties": {
        "geohash": "wx53b3jp",
        "floor": 30.0,
        "height": 30.0,
        "NAME": "测试"
      },
      "geometry": {
        "type": "Polygon",
        "coordinates": [
          [
            [117.08816528, 39.68931198, 10.0],
            [117.08850861, 39.68931198, 10.0],
            [117.08850861, 39.68948364, 10.0],
            [117.08816528, 39.68948364, 10.0],
            [117.08816528, 39.68931198, 10.0]
          ]
        ]
      }
    },
    {
      "type": "Feature",
      "properties": {
        "geohash": "wx53b3jn",
        "floor": 30.0,
        "height": 30.0,
        "NAME": "测试"
      },
      "geometry": {
        "type": "Polygon",
        "coordinates": [
          [
            [117.08816528, 39.68914032, 10.0],
            [117.08850861, 39.68914032, 10.0],
            [117.08850861, 39.68931198, 10.0],
            [117.08816528, 39.68931198, 10.0],
            [117.08816528, 39.68914032, 10.0]
          ]
        ]
      }
    },
    {
      "type": "Feature",
      "properties": {
        "geohash": "wx53b3jj",
        "floor": 30.0,
        "height": 30.0,
        "NAME": "测试"
      },
      "geometry": {
        "type": "Polygon",
        "coordinates": [
          [
            [117.08816528, 39.68896866, 10.0],
            [117.08850861, 39.68896866, 10.0],
            [117.08850861, 39.68914032, 10.0],
            [117.08816528, 39.68914032, 10.0],
            [117.08816528, 39.68896866, 10.0]
          ]
        ]
      }
    },
    {
      "type": "Feature",
      "properties": {
        "geohash": "wx53b3jh",
        "floor": 30.0,
        "height": 30.0,
        "NAME": "测试"
      },
      "geometry": {
        "type": "Polygon",
        "coordinates": [
          [
            [117.08816528, 39.688797, 10.0],
            [117.08850861, 39.688797, 10.0],
            [117.08850861, 39.68896866, 10.0],
            [117.08816528, 39.68896866, 10.0],
            [117.08816528, 39.688797, 10.0]
          ]
        ]
      }
    },
    {
      "type": "Feature",
      "properties": {
        "geohash": "wx53b3j5",
        "floor": 30.0,
        "height": 30.0,
        "NAME": "测试"
      },
      "geometry": {
        "type": "Polygon",
        "coordinates": [
          [
            [117.08816528, 39.68862534, 10.0],
            [117.08850861, 39.68862534, 10.0],
            [117.08850861, 39.688797, 10.0],
            [117.08816528, 39.688797, 10.0],
            [117.08816528, 39.68862534, 10.0]
          ]
        ]
      }
    },
    {
      "type": "Feature",
      "properties": {
        "geohash": "wx53b3j7",
        "floor": 30.0,
        "height": 30.0,
        "NAME": "测试"
      },
      "geometry": {
        "type": "Polygon",
        "coordinates": [
          [
            [117.08850861, 39.68862534, 10.0],
            [117.08885193, 39.68862534, 10.0],
            [117.08885193, 39.688797, 10.0],
            [117.08850861, 39.688797, 10.0],
            [117.08850861, 39.68862534, 10.0]
          ]
        ]
      }
    },
    {
      "type": "Feature",
      "properties": {
        "geohash": "wx53b3j6",
        "floor": 30.0,
        "height": 30.0,
        "NAME": "测试"
      },
      "geometry": {
        "type": "Polygon",
        "coordinates": [
          [
            [117.08850861, 39.68845367, 10.0],
            [117.08885193, 39.68845367, 10.0],
            [117.08885193, 39.68862534, 10.0],
            [117.08850861, 39.68862534, 10.0],
            [117.08850861, 39.68845367, 10.0]
          ]
        ]
      }
    },
    {
      "type": "Feature",
      "properties": {
        "geohash": "wx53b3j3",
        "floor": 30.0,
        "height": 30.0,
        "NAME": "测试"
      },
      "geometry": {
        "type": "Polygon",
        "coordinates": [
          [
            [117.08850861, 39.68828201, 10.0],
            [117.08885193, 39.68828201, 10.0],
            [117.08885193, 39.68845367, 10.0],
            [117.08850861, 39.68845367, 10.0],
            [117.08850861, 39.68828201, 10.0]
          ]
        ]
      }
    },
    {
      "type": "Feature",
      "properties": {
        "geohash": "wx53b3j2",
        "floor": 30.0,
        "height": 30.0,
        "NAME": "测试"
      },
      "geometry": {
        "type": "Polygon",
        "coordinates": [
          [
            [117.08850861, 39.68811035, 10.0],
            [117.08885193, 39.68811035, 10.0],
            [117.08885193, 39.68828201, 10.0],
            [117.08850861, 39.68828201, 10.0],
            [117.08850861, 39.68811035, 10.0]
          ]
        ]
      }
    },
    {
      "type": "Feature",
      "properties": {
        "geohash": "wx53b2vr",
        "floor": 30.0,
        "height": 30.0,
        "NAME": "测试"
      },
      "geometry": {
        "type": "Polygon",
        "coordinates": [
          [
            [117.08850861, 39.68793869, 10.0],
            [117.08885193, 39.68793869, 10.0],
            [117.08885193, 39.68811035, 10.0],
            [117.08850861, 39.68811035, 10.0],
            [117.08850861, 39.68793869, 10.0]
          ]
        ]
      }
    },
    {
      "type": "Feature",
      "properties": {
        "geohash": "wx53b2vq",
        "floor": 30.0,
        "height": 30.0,
        "NAME": "测试"
      },
      "geometry": {
        "type": "Polygon",
        "coordinates": [
          [
            [117.08850861, 39.68776703, 10.0],
            [117.08885193, 39.68776703, 10.0],
            [117.08885193, 39.68793869, 10.0],
            [117.08850861, 39.68793869, 10.0],
            [117.08850861, 39.68776703, 10.0]
          ]
        ]
      }
    },
    {
      "type": "Feature",
      "properties": {
        "geohash": "wx53b2vw",
        "floor": 30.0,
        "height": 30.0,
        "NAME": "测试"
      },
      "geometry": {
        "type": "Polygon",
        "coordinates": [
          [
            [117.08885193, 39.68776703, 10.0],
            [117.08919525, 39.68776703, 10.0],
            [117.08919525, 39.68793869, 10.0],
            [117.08885193, 39.68793869, 10.0],
            [117.08885193, 39.68776703, 10.0]
          ]
        ]
      }
    },
    {
      "type": "Feature",
      "properties": {
        "geohash": "wx53b2vt",
        "floor": 30.0,
        "height": 30.0,
        "NAME": "测试"
      },
      "geometry": {
        "type": "Polygon",
        "coordinates": [
          [
            [117.08885193, 39.68759537, 10.0],
            [117.08919525, 39.68759537, 10.0],
            [117.08919525, 39.68776703, 10.0],
            [117.08885193, 39.68776703, 10.0],
            [117.08885193, 39.68759537, 10.0]
          ]
        ]
      }
    },
    {
      "type": "Feature",
      "properties": {
        "geohash": "wx53b2vs",
        "floor": 30.0,
        "height": 30.0,
        "NAME": "测试"
      },
      "geometry": {
        "type": "Polygon",
        "coordinates": [
          [
            [117.08885193, 39.68742371, 10.0],
            [117.08919525, 39.68742371, 10.0],
            [117.08919525, 39.68759537, 10.0],
            [117.08885193, 39.68759537, 10.0],
            [117.08885193, 39.68742371, 10.0]
          ]
        ]
      }
    },
    {
      "type": "Feature",
      "properties": {
        "geohash": "wx53b2ve",
        "floor": 30.0,
        "height": 30.0,
        "NAME": "测试"
      },
      "geometry": {
        "type": "Polygon",
        "coordinates": [
          [
            [117.08885193, 39.68725204, 10.0],
            [117.08919525, 39.68725204, 10.0],
            [117.08919525, 39.68742371, 10.0],
            [117.08885193, 39.68742371, 10.0],
            [117.08885193, 39.68725204, 10.0]
          ]
        ]
      }
    },
    {
      "type": "Feature",
      "properties": {
        "geohash": "wx53b2vd",
        "floor": 30.0,
        "height": 30.0,
        "NAME": "测试"
      },
      "geometry": {
        "type": "Polygon",
        "coordinates": [
          [
            [117.08885193, 39.68708038, 10.0],
            [117.08919525, 39.68708038, 10.0],
            [117.08919525, 39.68725204, 10.0],
            [117.08885193, 39.68725204, 10.0],
            [117.08885193, 39.68708038, 10.0]
          ]
        ]
      }
    },
    {
      "type": "Feature",
      "properties": {
        "geohash": "wx53b2vc",
        "floor": 30.0,
        "height": 30.0,
        "NAME": "测试"
      },
      "geometry": {
        "type": "Polygon",
        "coordinates": [
          [
            [117.08919525, 39.68690872, 10.0],
            [117.08953857, 39.68690872, 10.0],
            [117.08953857, 39.68708038, 10.0],
            [117.08919525, 39.68708038, 10.0],
            [117.08919525, 39.68690872, 10.0]
          ]
        ]
      }
    },
    {
      "type": "Feature",
      "properties": {
        "geohash": "wx53b2vb",
        "floor": 30.0,
        "height": 30.0,
        "NAME": "测试"
      },
      "geometry": {
        "type": "Polygon",
        "coordinates": [
          [
            [117.08919525, 39.68673706, 10.0],
            [117.08953857, 39.68673706, 10.0],
            [117.08953857, 39.68690872, 10.0],
            [117.08919525, 39.68690872, 10.0],
            [117.08919525, 39.68673706, 10.0]
          ]
        ]
      }
    },
    {
      "type": "Feature",
      "properties": {
        "geohash": "wx53b2tz",
        "floor": 30.0,
        "height": 30.0,
        "NAME": "测试"
      },
      "geometry": {
        "type": "Polygon",
        "coordinates": [
          [
            [117.08919525, 39.6865654, 10.0],
            [117.08953857, 39.6865654, 10.0],
            [117.08953857, 39.68673706, 10.0],
            [117.08919525, 39.68673706, 10.0],
            [117.08919525, 39.6865654, 10.0]
          ]
        ]
      }
    },
    {
      "type": "Feature",
      "properties": {
        "geohash": "wx53b2ty",
        "floor": 30.0,
        "height": 30.0,
        "NAME": "测试"
      },
      "geometry": {
        "type": "Polygon",
        "coordinates": [
          [
            [117.08919525, 39.68639374, 10.0],
            [117.08953857, 39.68639374, 10.0],
            [117.08953857, 39.6865654, 10.0],
            [117.08919525, 39.6865654, 10.0],
            [117.08919525, 39.68639374, 10.0]
          ]
        ]
      }
    },
    {
      "type": "Feature",
      "properties": {
        "geohash": "wx53b2tv",
        "floor": 30.0,
        "height": 30.0,
        "NAME": "测试"
      },
      "geometry": {
        "type": "Polygon",
        "coordinates": [
          [
            [117.08919525, 39.68622208, 10.0],
            [117.08953857, 39.68622208, 10.0],
            [117.08953857, 39.68639374, 10.0],
            [117.08919525, 39.68639374, 10.0],
            [117.08919525, 39.68622208, 10.0]
          ]
        ]
      }
    },
    {
      "type": "Feature",
      "properties": {
        "geohash": "wx53b2wh",
        "floor": 30.0,
        "height": 30.0,
        "NAME": "测试"
      },
      "geometry": {
        "type": "Polygon",
        "coordinates": [
          [
            [117.08953857, 39.68605042, 10.0],
            [117.0898819, 39.68605042, 10.0],
            [117.0898819, 39.68622208, 10.0],
            [117.08953857, 39.68622208, 10.0],
            [117.08953857, 39.68605042, 10.0]
          ]
        ]
      }
    },
    {
      "type": "Feature",
      "properties": {
        "geohash": "wx53b2w5",
        "floor": 30.0,
        "height": 30.0,
        "NAME": "测试"
      },
      "geometry": {
        "type": "Polygon",
        "coordinates": [
          [
            [117.08953857, 39.68587875, 10.0],
            [117.0898819, 39.68587875, 10.0],
            [117.0898819, 39.68605042, 10.0],
            [117.08953857, 39.68605042, 10.0],
            [117.08953857, 39.68587875, 10.0]
          ]
        ]
      }
    },
    {
      "type": "Feature",
      "properties": {
        "geohash": "wx53b2w4",
        "floor": 30.0,
        "height": 30.0,
        "NAME": "测试"
      },
      "geometry": {
        "type": "Polygon",
        "coordinates": [
          [
            [117.08953857, 39.68570709, 10.0],
            [117.0898819, 39.68570709, 10.0],
            [117.0898819, 39.68587875, 10.0],
            [117.08953857, 39.68587875, 10.0],
            [117.08953857, 39.68570709, 10.0]
          ]
        ]
      }
    },
    {
      "type": "Feature",
      "properties": {
        "geohash": "wx53b2w1",
        "floor": 30.0,
        "height": 30.0,
        "NAME": "测试"
      },
      "geometry": {
        "type": "Polygon",
        "coordinates": [
          [
            [117.08953857, 39.68553543, 10.0],
            [117.0898819, 39.68553543, 10.0],
            [117.0898819, 39.68570709, 10.0],
            [117.08953857, 39.68570709, 10.0],
            [117.08953857, 39.68553543, 10.0]
          ]
        ]
      }
    },
    {
      "type": "Feature",
      "properties": {
        "geohash": "wx53b2w0",
        "floor": 30.0,
        "height": 30.0,
        "NAME": "测试"
      },
      "geometry": {
        "type": "Polygon",
        "coordinates": [
          [
            [117.08953857, 39.68536377, 10.0],
            [117.0898819, 39.68536377, 10.0],
            [117.0898819, 39.68553543, 10.0],
            [117.08953857, 39.68553543, 10.0],
            [117.08953857, 39.68536377, 10.0]
          ]
        ]
      }
    },
    {
      "type": "Feature",
      "properties": {
        "geohash": "wx53b2qr",
        "floor": 30.0,
        "height": 30.0,
        "NAME": "测试"
      },
      "geometry": {
        "type": "Polygon",
        "coordinates": [
          [
            [117.0898819, 39.68519211, 10.0],
            [117.09022522, 39.68519211, 10.0],
            [117.09022522, 39.68536377, 10.0],
            [117.0898819, 39.68536377, 10.0],
            [117.0898819, 39.68519211, 10.0]
          ]
        ]
      }
    },
    {
      "type": "Feature",
      "properties": {
        "geohash": "wx51z3r9",
        "floor": 30.0,
        "height": 30.0,
        "NAME": "测试"
      },
      "geometry": {
        "type": "Polygon",
        "coordinates": [
          [
            [117.0476532, 39.6896553, 10.0],
            [117.04799652, 39.6896553, 10.0],
            [117.04799652, 39.68982697, 10.0],
            [117.0476532, 39.68982697, 10.0],
            [117.0476532, 39.6896553, 10.0]
          ]
        ]
      }
    },
    {
      "type": "Feature",
      "properties": {
        "geohash": "wx53b2w2",
        "floor": 30.0,
        "height": 30.0,
        "NAME": "测试"
      },
      "geometry": {
        "type": "Polygon",
        "coordinates": [
          [
            [117.0898819, 39.68536377, 10.0],
            [117.09022522, 39.68536377, 10.0],
            [117.09022522, 39.68553543, 10.0],
            [117.0898819, 39.68553543, 10.0],
            [117.0898819, 39.68536377, 10.0]
          ]
        ]
      }
    },
    {
      "type": "Feature",
      "properties": {
        "geohash": "wx53b2tb",
        "floor": 30.0,
        "height": 30.0,
        "NAME": "测试"
      },
      "geometry": {
        "type": "Polygon",
        "coordinates": [
          [
            [117.08919525, 39.68536377, 10.0],
            [117.08953857, 39.68536377, 10.0],
            [117.08953857, 39.68553543, 10.0],
            [117.08919525, 39.68553543, 10.0],
            [117.08919525, 39.68536377, 10.0]
          ]
        ]
      }
    },
    {
      "type": "Feature",
      "properties": {
        "geohash": "wx53b2t8",
        "floor": 30.0,
        "height": 30.0,
        "NAME": "测试"
      },
      "geometry": {
        "type": "Polygon",
        "coordinates": [
          [
            [117.08885193, 39.68536377, 10.0],
            [117.08919525, 39.68536377, 10.0],
            [117.08919525, 39.68553543, 10.0],
            [117.08885193, 39.68553543, 10.0],
            [117.08885193, 39.68536377, 10.0]
          ]
        ]
      }
    },
    {
      "type": "Feature",
      "properties": {
        "geohash": "wx53b2t2",
        "floor": 30.0,
        "height": 30.0,
        "NAME": "测试"
      },
      "geometry": {
        "type": "Polygon",
        "coordinates": [
          [
            [117.08850861, 39.68536377, 10.0],
            [117.08885193, 39.68536377, 10.0],
            [117.08885193, 39.68553543, 10.0],
            [117.08850861, 39.68553543, 10.0],
            [117.08850861, 39.68536377, 10.0]
          ]
        ]
      }
    },
    {
      "type": "Feature",
      "properties": {
        "geohash": "wx53b2t0",
        "floor": 30.0,
        "height": 30.0,
        "NAME": "测试"
      },
      "geometry": {
        "type": "Polygon",
        "coordinates": [
          [
            [117.08816528, 39.68536377, 10.0],
            [117.08850861, 39.68536377, 10.0],
            [117.08850861, 39.68553543, 10.0],
            [117.08816528, 39.68553543, 10.0],
            [117.08816528, 39.68536377, 10.0]
          ]
        ]
      }
    },
    {
      "type": "Feature",
      "properties": {
        "geohash": "wx53b2t1",
        "floor": 30.0,
        "height": 30.0,
        "NAME": "测试"
      },
      "geometry": {
        "type": "Polygon",
        "coordinates": [
          [
            [117.08816528, 39.68553543, 10.0],
            [117.08850861, 39.68553543, 10.0],
            [117.08850861, 39.68570709, 10.0],
            [117.08816528, 39.68570709, 10.0],
            [117.08816528, 39.68553543, 10.0]
          ]
        ]
      }
    },
    {
      "type": "Feature",
      "properties": {
        "geohash": "wx53b2sc",
        "floor": 30.0,
        "height": 30.0,
        "NAME": "测试"
      },
      "geometry": {
        "type": "Polygon",
        "coordinates": [
          [
            [117.08782196, 39.68553543, 10.0],
            [117.08816528, 39.68553543, 10.0],
            [117.08816528, 39.68570709, 10.0],
            [117.08782196, 39.68570709, 10.0],
            [117.08782196, 39.68553543, 10.0]
          ]
        ]
      }
    },
    {
      "type": "Feature",
      "properties": {
        "geohash": "wx53b2s9",
        "floor": 30.0,
        "height": 30.0,
        "NAME": "测试"
      },
      "geometry": {
        "type": "Polygon",
        "coordinates": [
          [
            [117.08747864, 39.68553543, 10.0],
            [117.08782196, 39.68553543, 10.0],
            [117.08782196, 39.68570709, 10.0],
            [117.08747864, 39.68570709, 10.0],
            [117.08747864, 39.68553543, 10.0]
          ]
        ]
      }
    },
    {
      "type": "Feature",
      "properties": {
        "geohash": "wx53b2s3",
        "floor": 30.0,
        "height": 30.0,
        "NAME": "测试"
      },
      "geometry": {
        "type": "Polygon",
        "coordinates": [
          [
            [117.08713531, 39.68553543, 10.0],
            [117.08747864, 39.68553543, 10.0],
            [117.08747864, 39.68570709, 10.0],
            [117.08713531, 39.68570709, 10.0],
            [117.08713531, 39.68553543, 10.0]
          ]
        ]
      }
    },
    {
      "type": "Feature",
      "properties": {
        "geohash": "wx53b2s1",
        "floor": 30.0,
        "height": 30.0,
        "NAME": "测试"
      },
      "geometry": {
        "type": "Polygon",
        "coordinates": [
          [
            [117.08679199, 39.68553543, 10.0],
            [117.08713531, 39.68553543, 10.0],
            [117.08713531, 39.68570709, 10.0],
            [117.08679199, 39.68570709, 10.0],
            [117.08679199, 39.68553543, 10.0]
          ]
        ]
      }
    },
    {
      "type": "Feature",
      "properties": {
        "geohash": "wx53b2ec",
        "floor": 30.0,
        "height": 30.0,
        "NAME": "测试"
      },
      "geometry": {
        "type": "Polygon",
        "coordinates": [
          [
            [117.08644867, 39.68553543, 10.0],
            [117.08679199, 39.68553543, 10.0],
            [117.08679199, 39.68570709, 10.0],
            [117.08644867, 39.68570709, 10.0],
            [117.08644867, 39.68553543, 10.0]
          ]
        ]
      }
    },
    {
      "type": "Feature",
      "properties": {
        "geohash": "wx53b2ef",
        "floor": 30.0,
        "height": 30.0,
        "NAME": "测试"
      },
      "geometry": {
        "type": "Polygon",
        "coordinates": [
          [
            [117.08644867, 39.68570709, 10.0],
            [117.08679199, 39.68570709, 10.0],
            [117.08679199, 39.68587875, 10.0],
            [117.08644867, 39.68587875, 10.0],
            [117.08644867, 39.68570709, 10.0]
          ]
        ]
      }
    },
    {
      "type": "Feature",
      "properties": {
        "geohash": "wx53b2ed",
        "floor": 30.0,
        "height": 30.0,
        "NAME": "测试"
      },
      "geometry": {
        "type": "Polygon",
        "coordinates": [
          [
            [117.08610535, 39.68570709, 10.0],
            [117.08644867, 39.68570709, 10.0],
            [117.08644867, 39.68587875, 10.0],
            [117.08610535, 39.68587875, 10.0],
            [117.08610535, 39.68570709, 10.0]
          ]
        ]
      }
    },
    {
      "type": "Feature",
      "properties": {
        "geohash": "wx53b2e6",
        "floor": 30.0,
        "height": 30.0,
        "NAME": "测试"
      },
      "geometry": {
        "type": "Polygon",
        "coordinates": [
          [
            [117.08576202, 39.68570709, 10.0],
            [117.08610535, 39.68570709, 10.0],
            [117.08610535, 39.68587875, 10.0],
            [117.08576202, 39.68587875, 10.0],
            [117.08576202, 39.68570709, 10.0]
          ]
        ]
      }
    },
    {
      "type": "Feature",
      "properties": {
        "geohash": "wx53b2e4",
        "floor": 30.0,
        "height": 30.0,
        "NAME": "测试"
      },
      "geometry": {
        "type": "Polygon",
        "coordinates": [
          [
            [117.0854187, 39.68570709, 10.0],
            [117.08576202, 39.68570709, 10.0],
            [117.08576202, 39.68587875, 10.0],
            [117.0854187, 39.68587875, 10.0],
            [117.0854187, 39.68570709, 10.0]
          ]
        ]
      }
    },
    {
      "type": "Feature",
      "properties": {
        "geohash": "wx53b2df",
        "floor": 30.0,
        "height": 30.0,
        "NAME": "测试"
      },
      "geometry": {
        "type": "Polygon",
        "coordinates": [
          [
            [117.08507538, 39.68570709, 10.0],
            [117.0854187, 39.68570709, 10.0],
            [117.0854187, 39.68587875, 10.0],
            [117.08507538, 39.68587875, 10.0],
            [117.08507538, 39.68570709, 10.0]
          ]
        ]
      }
    },
    {
      "type": "Feature",
      "properties": {
        "geohash": "wx53b2de",
        "floor": 30.0,
        "height": 30.0,
        "NAME": "测试"
      },
      "geometry": {
        "type": "Polygon",
        "coordinates": [
          [
            [117.08473206, 39.68587875, 10.0],
            [117.08507538, 39.68587875, 10.0],
            [117.08507538, 39.68605042, 10.0],
            [117.08473206, 39.68605042, 10.0],
            [117.08473206, 39.68587875, 10.0]
          ]
        ]
      }
    },
    {
      "type": "Feature",
      "properties": {
        "geohash": "wx53b2d7",
        "floor": 30.0,
        "height": 30.0,
        "NAME": "测试"
      },
      "geometry": {
        "type": "Polygon",
        "coordinates": [
          [
            [117.08438873, 39.68587875, 10.0],
            [117.08473206, 39.68587875, 10.0],
            [117.08473206, 39.68605042, 10.0],
            [117.08438873, 39.68605042, 10.0],
            [117.08438873, 39.68587875, 10.0]
          ]
        ]
      }
    },
    {
      "type": "Feature",
      "properties": {
        "geohash": "wx53b2d5",
        "floor": 30.0,
        "height": 30.0,
        "NAME": "测试"
      },
      "geometry": {
        "type": "Polygon",
        "coordinates": [
          [
            [117.08404541, 39.68587875, 10.0],
            [117.08438873, 39.68587875, 10.0],
            [117.08438873, 39.68605042, 10.0],
            [117.08404541, 39.68605042, 10.0],
            [117.08404541, 39.68587875, 10.0]
          ]
        ]
      }
    },
    {
      "type": "Feature",
      "properties": {
        "geohash": "wx53b29g",
        "floor": 30.0,
        "height": 30.0,
        "NAME": "测试"
      },
      "geometry": {
        "type": "Polygon",
        "coordinates": [
          [
            [117.08370209, 39.68587875, 10.0],
            [117.08404541, 39.68587875, 10.0],
            [117.08404541, 39.68605042, 10.0],
            [117.08370209, 39.68605042, 10.0],
            [117.08370209, 39.68587875, 10.0]
          ]
        ]
      }
    },
    {
      "type": "Feature",
      "properties": {
        "geohash": "wx53b29e",
        "floor": 30.0,
        "height": 30.0,
        "NAME": "测试"
      },
      "geometry": {
        "type": "Polygon",
        "coordinates": [
          [
            [117.08335876, 39.68587875, 10.0],
            [117.08370209, 39.68587875, 10.0],
            [117.08370209, 39.68605042, 10.0],
            [117.08335876, 39.68605042, 10.0],
            [117.08335876, 39.68587875, 10.0]
          ]
        ]
      }
    },
    {
      "type": "Feature",
      "properties": {
        "geohash": "wx53b297",
        "floor": 30.0,
        "height": 30.0,
        "NAME": "测试"
      },
      "geometry": {
        "type": "Polygon",
        "coordinates": [
          [
            [117.08301544, 39.68587875, 10.0],
            [117.08335876, 39.68587875, 10.0],
            [117.08335876, 39.68605042, 10.0],
            [117.08301544, 39.68605042, 10.0],
            [117.08301544, 39.68587875, 10.0]
          ]
        ]
      }
    },
    {
      "type": "Feature",
      "properties": {
        "geohash": "wx53b29k",
        "floor": 30.0,
        "height": 30.0,
        "NAME": "测试"
      },
      "geometry": {
        "type": "Polygon",
        "coordinates": [
          [
            [117.08301544, 39.68605042, 10.0],
            [117.08335876, 39.68605042, 10.0],
            [117.08335876, 39.68622208, 10.0],
            [117.08301544, 39.68622208, 10.0],
            [117.08301544, 39.68605042, 10.0]
          ]
        ]
      }
    },
    {
      "type": "Feature",
      "properties": {
        "geohash": "wx53b29h",
        "floor": 30.0,
        "height": 30.0,
        "NAME": "测试"
      },
      "geometry": {
        "type": "Polygon",
        "coordinates": [
          [
            [117.08267212, 39.68605042, 10.0],
            [117.08301544, 39.68605042, 10.0],
            [117.08301544, 39.68622208, 10.0],
            [117.08267212, 39.68622208, 10.0],
            [117.08267212, 39.68605042, 10.0]
          ]
        ]
      }
    },
    {
      "type": "Feature",
      "properties": {
        "geohash": "wx53b28u",
        "floor": 30.0,
        "height": 30.0,
        "NAME": "测试"
      },
      "geometry": {
        "type": "Polygon",
        "coordinates": [
          [
            [117.0823288, 39.68605042, 10.0],
            [117.08267212, 39.68605042, 10.0],
            [117.08267212, 39.68622208, 10.0],
            [117.0823288, 39.68622208, 10.0],
            [117.0823288, 39.68605042, 10.0]
          ]
        ]
      }
    },
    {
      "type": "Feature",
      "properties": {
        "geohash": "wx53b28s",
        "floor": 30.0,
        "height": 30.0,
        "NAME": "测试"
      },
      "geometry": {
        "type": "Polygon",
        "coordinates": [
          [
            [117.08198547, 39.68605042, 10.0],
            [117.0823288, 39.68605042, 10.0],
            [117.0823288, 39.68622208, 10.0],
            [117.08198547, 39.68622208, 10.0],
            [117.08198547, 39.68605042, 10.0]
          ]
        ]
      }
    },
    {
      "type": "Feature",
      "properties": {
        "geohash": "wx53b28k",
        "floor": 30.0,
        "height": 30.0,
        "NAME": "测试"
      },
      "geometry": {
        "type": "Polygon",
        "coordinates": [
          [
            [117.08164215, 39.68605042, 10.0],
            [117.08198547, 39.68605042, 10.0],
            [117.08198547, 39.68622208, 10.0],
            [117.08164215, 39.68622208, 10.0],
            [117.08164215, 39.68605042, 10.0]
          ]
        ]
      }
    },
    {
      "type": "Feature",
      "properties": {
        "geohash": "wx53b28j",
        "floor": 30.0,
        "height": 30.0,
        "NAME": "测试"
      },
      "geometry": {
        "type": "Polygon",
        "coordinates": [
          [
            [117.08129883, 39.68622208, 10.0],
            [117.08164215, 39.68622208, 10.0],
            [117.08164215, 39.68639374, 10.0],
            [117.08129883, 39.68639374, 10.0],
            [117.08129883, 39.68622208, 10.0]
          ]
        ]
      }
    },
    {
      "type": "Feature",
      "properties": {
        "geohash": "wx53b0xv",
        "floor": 30.0,
        "height": 30.0,
        "NAME": "测试"
      },
      "geometry": {
        "type": "Polygon",
        "coordinates": [
          [
            [117.08095551, 39.68622208, 10.0],
            [117.08129883, 39.68622208, 10.0],
            [117.08129883, 39.68639374, 10.0],
            [117.08095551, 39.68639374, 10.0],
            [117.08095551, 39.68622208, 10.0]
          ]
        ]
      }
    },
    {
      "type": "Feature",
      "properties": {
        "geohash": "wx53b0xt",
        "floor": 30.0,
        "height": 30.0,
        "NAME": "测试"
      },
      "geometry": {
        "type": "Polygon",
        "coordinates": [
          [
            [117.08061218, 39.68622208, 10.0],
            [117.08095551, 39.68622208, 10.0],
            [117.08095551, 39.68639374, 10.0],
            [117.08061218, 39.68639374, 10.0],
            [117.08061218, 39.68622208, 10.0]
          ]
        ]
      }
    },
    {
      "type": "Feature",
      "properties": {
        "geohash": "wx53b0xm",
        "floor": 30.0,
        "height": 30.0,
        "NAME": "测试"
      },
      "geometry": {
        "type": "Polygon",
        "coordinates": [
          [
            [117.08026886, 39.68622208, 10.0],
            [117.08061218, 39.68622208, 10.0],
            [117.08061218, 39.68639374, 10.0],
            [117.08026886, 39.68639374, 10.0],
            [117.08026886, 39.68622208, 10.0]
          ]
        ]
      }
    },
    {
      "type": "Feature",
      "properties": {
        "geohash": "wx53b0xj",
        "floor": 30.0,
        "height": 30.0,
        "NAME": "测试"
      },
      "geometry": {
        "type": "Polygon",
        "coordinates": [
          [
            [117.07992554, 39.68622208, 10.0],
            [117.08026886, 39.68622208, 10.0],
            [117.08026886, 39.68639374, 10.0],
            [117.07992554, 39.68639374, 10.0],
            [117.07992554, 39.68622208, 10.0]
          ]
        ]
      }
    },
    {
      "type": "Feature",
      "properties": {
        "geohash": "wx53b0xn",
        "floor": 30.0,
        "height": 30.0,
        "NAME": "测试"
      },
      "geometry": {
        "type": "Polygon",
        "coordinates": [
          [
            [117.07992554, 39.68639374, 10.0],
            [117.08026886, 39.68639374, 10.0],
            [117.08026886, 39.6865654, 10.0],
            [117.07992554, 39.6865654, 10.0],
            [117.07992554, 39.68639374, 10.0]
          ]
        ]
      }
    },
    {
      "type": "Feature",
      "properties": {
        "geohash": "wx53b0wy",
        "floor": 30.0,
        "height": 30.0,
        "NAME": "测试"
      },
      "geometry": {
        "type": "Polygon",
        "coordinates": [
          [
            [117.07958221, 39.68639374, 10.0],
            [117.07992554, 39.68639374, 10.0],
            [117.07992554, 39.6865654, 10.0],
            [117.07958221, 39.6865654, 10.0],
            [117.07958221, 39.68639374, 10.0]
          ]
        ]
      }
    },
    {
      "type": "Feature",
      "properties": {
        "geohash": "wx53b0ww",
        "floor": 30.0,
        "height": 30.0,
        "NAME": "测试"
      },
      "geometry": {
        "type": "Polygon",
        "coordinates": [
          [
            [117.07923889, 39.68639374, 10.0],
            [117.07958221, 39.68639374, 10.0],
            [117.07958221, 39.6865654, 10.0],
            [117.07923889, 39.6865654, 10.0],
            [117.07923889, 39.68639374, 10.0]
          ]
        ]
      }
    },
    {
      "type": "Feature",
      "properties": {
        "geohash": "wx53b0wq",
        "floor": 30.0,
        "height": 30.0,
        "NAME": "测试"
      },
      "geometry": {
        "type": "Polygon",
        "coordinates": [
          [
            [117.07889557, 39.68639374, 10.0],
            [117.07923889, 39.68639374, 10.0],
            [117.07923889, 39.6865654, 10.0],
            [117.07889557, 39.6865654, 10.0],
            [117.07889557, 39.68639374, 10.0]
          ]
        ]
      }
    },
    {
      "type": "Feature",
      "properties": {
        "geohash": "wx53b0wn",
        "floor": 30.0,
        "height": 30.0,
        "NAME": "测试"
      },
      "geometry": {
        "type": "Polygon",
        "coordinates": [
          [
            [117.07855225, 39.68639374, 10.0],
            [117.07889557, 39.68639374, 10.0],
            [117.07889557, 39.6865654, 10.0],
            [117.07855225, 39.6865654, 10.0],
            [117.07855225, 39.68639374, 10.0]
          ]
        ]
      }
    },
    {
      "type": "Feature",
      "properties": {
        "geohash": "wx53b0ty",
        "floor": 30.0,
        "height": 30.0,
        "NAME": "测试"
      },
      "geometry": {
        "type": "Polygon",
        "coordinates": [
          [
            [117.07820892, 39.68639374, 10.0],
            [117.07855225, 39.68639374, 10.0],
            [117.07855225, 39.6865654, 10.0],
            [117.07820892, 39.6865654, 10.0],
            [117.07820892, 39.68639374, 10.0]
          ]
        ]
      }
    },
    {
      "type": "Feature",
      "properties": {
        "geohash": "wx53b0tz",
        "floor": 30.0,
        "height": 30.0,
        "NAME": "测试"
      },
      "geometry": {
        "type": "Polygon",
        "coordinates": [
          [
            [117.07820892, 39.6865654, 10.0],
            [117.07855225, 39.6865654, 10.0],
            [117.07855225, 39.68673706, 10.0],
            [117.07820892, 39.68673706, 10.0],
            [117.07820892, 39.6865654, 10.0]
          ]
        ]
      }
    },
    {
      "type": "Feature",
      "properties": {
        "geohash": "wx53b0tx",
        "floor": 30.0,
        "height": 30.0,
        "NAME": "测试"
      },
      "geometry": {
        "type": "Polygon",
        "coordinates": [
          [
            [117.0778656, 39.6865654, 10.0],
            [117.07820892, 39.6865654, 10.0],
            [117.07820892, 39.68673706, 10.0],
            [117.0778656, 39.68673706, 10.0],
            [117.0778656, 39.6865654, 10.0]
          ]
        ]
      }
    },
    {
      "type": "Feature",
      "properties": {
        "geohash": "wx53b0tr",
        "floor": 30.0,
        "height": 30.0,
        "NAME": "测试"
      },
      "geometry": {
        "type": "Polygon",
        "coordinates": [
          [
            [117.07752228, 39.6865654, 10.0],
            [117.0778656, 39.6865654, 10.0],
            [117.0778656, 39.68673706, 10.0],
            [117.07752228, 39.68673706, 10.0],
            [117.07752228, 39.6865654, 10.0]
          ]
        ]
      }
    },
    {
      "type": "Feature",
      "properties": {
        "geohash": "wx53b0tp",
        "floor": 30.0,
        "height": 30.0,
        "NAME": "测试"
      },
      "geometry": {
        "type": "Polygon",
        "coordinates": [
          [
            [117.07717896, 39.6865654, 10.0],
            [117.07752228, 39.6865654, 10.0],
            [117.07752228, 39.68673706, 10.0],
            [117.07717896, 39.68673706, 10.0],
            [117.07717896, 39.6865654, 10.0]
          ]
        ]
      }
    },
    {
      "type": "Feature",
      "properties": {
        "geohash": "wx53b0sz",
        "floor": 30.0,
        "height": 30.0,
        "NAME": "测试"
      },
      "geometry": {
        "type": "Polygon",
        "coordinates": [
          [
            [117.07683563, 39.6865654, 10.0],
            [117.07717896, 39.6865654, 10.0],
            [117.07717896, 39.68673706, 10.0],
            [117.07683563, 39.68673706, 10.0],
            [117.07683563, 39.6865654, 10.0]
          ]
        ]
      }
    },
    {
      "type": "Feature",
      "properties": {
        "geohash": "wx53b0sx",
        "floor": 30.0,
        "height": 30.0,
        "NAME": "测试"
      },
      "geometry": {
        "type": "Polygon",
        "coordinates": [
          [
            [117.07649231, 39.6865654, 10.0],
            [117.07683563, 39.6865654, 10.0],
            [117.07683563, 39.68673706, 10.0],
            [117.07649231, 39.68673706, 10.0],
            [117.07649231, 39.6865654, 10.0]
          ]
        ]
      }
    },
    {
      "type": "Feature",
      "properties": {
        "geohash": "wx53b0u8",
        "floor": 30.0,
        "height": 30.0,
        "NAME": "测试"
      },
      "geometry": {
        "type": "Polygon",
        "coordinates": [
          [
            [117.07649231, 39.68673706, 10.0],
            [117.07683563, 39.68673706, 10.0],
            [117.07683563, 39.68690872, 10.0],
            [117.07649231, 39.68690872, 10.0],
            [117.07649231, 39.68673706, 10.0]
          ]
        ]
      }
    },
    {
      "type": "Feature",
      "properties": {
        "geohash": "wx53b0u2",
        "floor": 30.0,
        "height": 30.0,
        "NAME": "测试"
      },
      "geometry": {
        "type": "Polygon",
        "coordinates": [
          [
            [117.07614899, 39.68673706, 10.0],
            [117.07649231, 39.68673706, 10.0],
            [117.07649231, 39.68690872, 10.0],
            [117.07614899, 39.68690872, 10.0],
            [117.07614899, 39.68673706, 10.0]
          ]
        ]
      }
    },
    {
      "type": "Feature",
      "properties": {
        "geohash": "wx53b0u0",
        "floor": 30.0,
        "height": 30.0,
        "NAME": "测试"
      },
      "geometry": {
        "type": "Polygon",
        "coordinates": [
          [
            [117.07580566, 39.68673706, 10.0],
            [117.07614899, 39.68673706, 10.0],
            [117.07614899, 39.68690872, 10.0],
            [117.07580566, 39.68690872, 10.0],
            [117.07580566, 39.68673706, 10.0]
          ]
        ]
      }
    },
    {
      "type": "Feature",
      "properties": {
        "geohash": "wx53b0gb",
        "floor": 30.0,
        "height": 30.0,
        "NAME": "测试"
      },
      "geometry": {
        "type": "Polygon",
        "coordinates": [
          [
            [117.07546234, 39.68673706, 10.0],
            [117.07580566, 39.68673706, 10.0],
            [117.07580566, 39.68690872, 10.0],
            [117.07546234, 39.68690872, 10.0],
            [117.07546234, 39.68673706, 10.0]
          ]
        ]
      }
    },
    {
      "type": "Feature",
      "properties": {
        "geohash": "wx53b0g8",
        "floor": 30.0,
        "height": 30.0,
        "NAME": "测试"
      },
      "geometry": {
        "type": "Polygon",
        "coordinates": [
          [
            [117.07511902, 39.68673706, 10.0],
            [117.07546234, 39.68673706, 10.0],
            [117.07546234, 39.68690872, 10.0],
            [117.07511902, 39.68690872, 10.0],
            [117.07511902, 39.68673706, 10.0]
          ]
        ]
      }
    },
    {
      "type": "Feature",
      "properties": {
        "geohash": "wx53b0g2",
        "floor": 30.0,
        "height": 30.0,
        "NAME": "测试"
      },
      "geometry": {
        "type": "Polygon",
        "coordinates": [
          [
            [117.0747757, 39.68673706, 10.0],
            [117.07511902, 39.68673706, 10.0],
            [117.07511902, 39.68690872, 10.0],
            [117.0747757, 39.68690872, 10.0],
            [117.0747757, 39.68673706, 10.0]
          ]
        ]
      }
    },
    {
      "type": "Feature",
      "properties": {
        "geohash": "wx53b0g3",
        "floor": 30.0,
        "height": 30.0,
        "NAME": "测试"
      },
      "geometry": {
        "type": "Polygon",
        "coordinates": [
          [
            [117.0747757, 39.68690872, 10.0],
            [117.07511902, 39.68690872, 10.0],
            [117.07511902, 39.68708038, 10.0],
            [117.0747757, 39.68708038, 10.0],
            [117.0747757, 39.68690872, 10.0]
          ]
        ]
      }
    },
    {
      "type": "Feature",
      "properties": {
        "geohash": "wx53b0g1",
        "floor": 30.0,
        "height": 30.0,
        "NAME": "测试"
      },
      "geometry": {
        "type": "Polygon",
        "coordinates": [
          [
            [117.07443237, 39.68690872, 10.0],
            [117.0747757, 39.68690872, 10.0],
            [117.0747757, 39.68708038, 10.0],
            [117.07443237, 39.68708038, 10.0],
            [117.07443237, 39.68690872, 10.0]
          ]
        ]
      }
    },
    {
      "type": "Feature",
      "properties": {
        "geohash": "wx53b0fc",
        "floor": 30.0,
        "height": 30.0,
        "NAME": "测试"
      },
      "geometry": {
        "type": "Polygon",
        "coordinates": [
          [
            [117.07408905, 39.68690872, 10.0],
            [117.07443237, 39.68690872, 10.0],
            [117.07443237, 39.68708038, 10.0],
            [117.07408905, 39.68708038, 10.0],
            [117.07408905, 39.68690872, 10.0]
          ]
        ]
      }
    },
    {
      "type": "Feature",
      "properties": {
        "geohash": "wx53b0f9",
        "floor": 30.0,
        "height": 30.0,
        "NAME": "测试"
      },
      "geometry": {
        "type": "Polygon",
        "coordinates": [
          [
            [117.07374573, 39.68690872, 10.0],
            [117.07408905, 39.68690872, 10.0],
            [117.07408905, 39.68708038, 10.0],
            [117.07374573, 39.68708038, 10.0],
            [117.07374573, 39.68690872, 10.0]
          ]
        ]
      }
    },
    {
      "type": "Feature",
      "properties": {
        "geohash": "wx53b0f3",
        "floor": 30.0,
        "height": 30.0,
        "NAME": "测试"
      },
      "geometry": {
        "type": "Polygon",
        "coordinates": [
          [
            [117.0734024, 39.68690872, 10.0],
            [117.07374573, 39.68690872, 10.0],
            [117.07374573, 39.68708038, 10.0],
            [117.0734024, 39.68708038, 10.0],
            [117.0734024, 39.68690872, 10.0]
          ]
        ]
      }
    },
    {
      "type": "Feature",
      "properties": {
        "geohash": "wx53b0f4",
        "floor": 30.0,
        "height": 30.0,
        "NAME": "测试"
      },
      "geometry": {
        "type": "Polygon",
        "coordinates": [
          [
            [117.07305908, 39.68708038, 10.0],
            [117.0734024, 39.68708038, 10.0],
            [117.0734024, 39.68725204, 10.0],
            [117.07305908, 39.68725204, 10.0],
            [117.07305908, 39.68708038, 10.0]
          ]
        ]
      }
    },
    {
      "type": "Feature",
      "properties": {
        "geohash": "wx53b0cf",
        "floor": 30.0,
        "height": 30.0,
        "NAME": "测试"
      },
      "geometry": {
        "type": "Polygon",
        "coordinates": [
          [
            [117.07271576, 39.68708038, 10.0],
            [117.07305908, 39.68708038, 10.0],
            [117.07305908, 39.68725204, 10.0],
            [117.07271576, 39.68725204, 10.0],
            [117.07271576, 39.68708038, 10.0]
          ]
        ]
      }
    },
    {
      "type": "Feature",
      "properties": {
        "geohash": "wx53b0cd",
        "floor": 30.0,
        "height": 30.0,
        "NAME": "测试"
      },
      "geometry": {
        "type": "Polygon",
        "coordinates": [
          [
            [117.07237244, 39.68708038, 10.0],
            [117.07271576, 39.68708038, 10.0],
            [117.07271576, 39.68725204, 10.0],
            [117.07237244, 39.68725204, 10.0],
            [117.07237244, 39.68708038, 10.0]
          ]
        ]
      }
    },
    {
      "type": "Feature",
      "properties": {
        "geohash": "wx53b0c6",
        "floor": 30.0,
        "height": 30.0,
        "NAME": "测试"
      },
      "geometry": {
        "type": "Polygon",
        "coordinates": [
          [
            [117.07202911, 39.68708038, 10.0],
            [117.07237244, 39.68708038, 10.0],
            [117.07237244, 39.68725204, 10.0],
            [117.07202911, 39.68725204, 10.0],
            [117.07202911, 39.68708038, 10.0]
          ]
        ]
      }
    },
    {
      "type": "Feature",
      "properties": {
        "geohash": "wx53b0c4",
        "floor": 30.0,
        "height": 30.0,
        "NAME": "测试"
      },
      "geometry": {
        "type": "Polygon",
        "coordinates": [
          [
            [117.07168579, 39.68708038, 10.0],
            [117.07202911, 39.68708038, 10.0],
            [117.07202911, 39.68725204, 10.0],
            [117.07168579, 39.68725204, 10.0],
            [117.07168579, 39.68708038, 10.0]
          ]
        ]
      }
    },
    {
      "type": "Feature",
      "properties": {
        "geohash": "wx53b0bf",
        "floor": 30.0,
        "height": 30.0,
        "NAME": "测试"
      },
      "geometry": {
        "type": "Polygon",
        "coordinates": [
          [
            [117.07134247, 39.68708038, 10.0],
            [117.07168579, 39.68708038, 10.0],
            [117.07168579, 39.68725204, 10.0],
            [117.07134247, 39.68725204, 10.0],
            [117.07134247, 39.68708038, 10.0]
          ]
        ]
      }
    },
    {
      "type": "Feature",
      "properties": {
        "geohash": "wx53b0bg",
        "floor": 30.0,
        "height": 30.0,
        "NAME": "测试"
      },
      "geometry": {
        "type": "Polygon",
        "coordinates": [
          [
            [117.07134247, 39.68725204, 10.0],
            [117.07168579, 39.68725204, 10.0],
            [117.07168579, 39.68742371, 10.0],
            [117.07134247, 39.68742371, 10.0],
            [117.07134247, 39.68725204, 10.0]
          ]
        ]
      }
    },
    {
      "type": "Feature",
      "properties": {
        "geohash": "wx53b0be",
        "floor": 30.0,
        "height": 30.0,
        "NAME": "测试"
      },
      "geometry": {
        "type": "Polygon",
        "coordinates": [
          [
            [117.07099915, 39.68725204, 10.0],
            [117.07134247, 39.68725204, 10.0],
            [117.07134247, 39.68742371, 10.0],
            [117.07099915, 39.68742371, 10.0],
            [117.07099915, 39.68725204, 10.0]
          ]
        ]
      }
    },
    {
      "type": "Feature",
      "properties": {
        "geohash": "wx53b0b7",
        "floor": 30.0,
        "height": 30.0,
        "NAME": "测试"
      },
      "geometry": {
        "type": "Polygon",
        "coordinates": [
          [
            [117.07065582, 39.68725204, 10.0],
            [117.07099915, 39.68725204, 10.0],
            [117.07099915, 39.68742371, 10.0],
            [117.07065582, 39.68742371, 10.0],
            [117.07065582, 39.68725204, 10.0]
          ]
        ]
      }
    },
    {
      "type": "Feature",
      "properties": {
        "geohash": "wx53b0b5",
        "floor": 30.0,
        "height": 30.0,
        "NAME": "测试"
      },
      "geometry": {
        "type": "Polygon",
        "coordinates": [
          [
            [117.0703125, 39.68725204, 10.0],
            [117.07065582, 39.68725204, 10.0],
            [117.07065582, 39.68742371, 10.0],
            [117.0703125, 39.68742371, 10.0],
            [117.0703125, 39.68725204, 10.0]
          ]
        ]
      }
    },
    {
      "type": "Feature",
      "properties": {
        "geohash": "wx51zbzg",
        "floor": 30.0,
        "height": 30.0,
        "NAME": "测试"
      },
      "geometry": {
        "type": "Polygon",
        "coordinates": [
          [
            [117.06996918, 39.68725204, 10.0],
            [117.0703125, 39.68725204, 10.0],
            [117.0703125, 39.68742371, 10.0],
            [117.06996918, 39.68742371, 10.0],
            [117.06996918, 39.68725204, 10.0]
          ]
        ]
      }
    },
    {
      "type": "Feature",
      "properties": {
        "geohash": "wx51zbzs",
        "floor": 30.0,
        "height": 30.0,
        "NAME": "测试"
      },
      "geometry": {
        "type": "Polygon",
        "coordinates": [
          [
            [117.06962585, 39.68742371, 10.0],
            [117.06996918, 39.68742371, 10.0],
            [117.06996918, 39.68759537, 10.0],
            [117.06962585, 39.68759537, 10.0],
            [117.06962585, 39.68742371, 10.0]
          ]
        ]
      }
    },
    {
      "type": "Feature",
      "properties": {
        "geohash": "wx51zbzk",
        "floor": 30.0,
        "height": 30.0,
        "NAME": "测试"
      },
      "geometry": {
        "type": "Polygon",
        "coordinates": [
          [
            [117.06928253, 39.68742371, 10.0],
            [117.06962585, 39.68742371, 10.0],
            [117.06962585, 39.68759537, 10.0],
            [117.06928253, 39.68759537, 10.0],
            [117.06928253, 39.68742371, 10.0]
          ]
        ]
      }
    },
    {
      "type": "Feature",
      "properties": {
        "geohash": "wx51zbzh",
        "floor": 30.0,
        "height": 30.0,
        "NAME": "测试"
      },
      "geometry": {
        "type": "Polygon",
        "coordinates": [
          [
            [117.06893921, 39.68742371, 10.0],
            [117.06928253, 39.68742371, 10.0],
            [117.06928253, 39.68759537, 10.0],
            [117.06893921, 39.68759537, 10.0],
            [117.06893921, 39.68742371, 10.0]
          ]
        ]
      }
    },
    {
      "type": "Feature",
      "properties": {
        "geohash": "wx51zbyu",
        "floor": 30.0,
        "height": 30.0,
        "NAME": "测试"
      },
      "geometry": {
        "type": "Polygon",
        "coordinates": [
          [
            [117.06859589, 39.68742371, 10.0],
            [117.06893921, 39.68742371, 10.0],
            [117.06893921, 39.68759537, 10.0],
            [117.06859589, 39.68759537, 10.0],
            [117.06859589, 39.68742371, 10.0]
          ]
        ]
      }
    },
    {
      "type": "Feature",
      "properties": {
        "geohash": "wx51zbys",
        "floor": 30.0,
        "height": 30.0,
        "NAME": "测试"
      },
      "geometry": {
        "type": "Polygon",
        "coordinates": [
          [
            [117.06825256, 39.68742371, 10.0],
            [117.06859589, 39.68742371, 10.0],
            [117.06859589, 39.68759537, 10.0],
            [117.06825256, 39.68759537, 10.0],
            [117.06825256, 39.68742371, 10.0]
          ]
        ]
      }
    },
    {
      "type": "Feature",
      "properties": {
        "geohash": "wx51zbyt",
        "floor": 30.0,
        "height": 30.0,
        "NAME": "测试"
      },
      "geometry": {
        "type": "Polygon",
        "coordinates": [
          [
            [117.06825256, 39.68759537, 10.0],
            [117.06859589, 39.68759537, 10.0],
            [117.06859589, 39.68776703, 10.0],
            [117.06825256, 39.68776703, 10.0],
            [117.06825256, 39.68759537, 10.0]
          ]
        ]
      }
    },
    {
      "type": "Feature",
      "properties": {
        "geohash": "wx51zbym",
        "floor": 30.0,
        "height": 30.0,
        "NAME": "测试"
      },
      "geometry": {
        "type": "Polygon",
        "coordinates": [
          [
            [117.06790924, 39.68759537, 10.0],
            [117.06825256, 39.68759537, 10.0],
            [117.06825256, 39.68776703, 10.0],
            [117.06790924, 39.68776703, 10.0],
            [117.06790924, 39.68759537, 10.0]
          ]
        ]
      }
    },
    {
      "type": "Feature",
      "properties": {
        "geohash": "wx51zbyj",
        "floor": 30.0,
        "height": 30.0,
        "NAME": "测试"
      },
      "geometry": {
        "type": "Polygon",
        "coordinates": [
          [
            [117.06756592, 39.68759537, 10.0],
            [117.06790924, 39.68759537, 10.0],
            [117.06790924, 39.68776703, 10.0],
            [117.06756592, 39.68776703, 10.0],
            [117.06756592, 39.68759537, 10.0]
          ]
        ]
      }
    },
    {
      "type": "Feature",
      "properties": {
        "geohash": "wx51zbvv",
        "floor": 30.0,
        "height": 30.0,
        "NAME": "测试"
      },
      "geometry": {
        "type": "Polygon",
        "coordinates": [
          [
            [117.0672226, 39.68759537, 10.0],
            [117.06756592, 39.68759537, 10.0],
            [117.06756592, 39.68776703, 10.0],
            [117.0672226, 39.68776703, 10.0],
            [117.0672226, 39.68759537, 10.0]
          ]
        ]
      }
    },
    {
      "type": "Feature",
      "properties": {
        "geohash": "wx51zbvt",
        "floor": 30.0,
        "height": 30.0,
        "NAME": "测试"
      },
      "geometry": {
        "type": "Polygon",
        "coordinates": [
          [
            [117.06687927, 39.68759537, 10.0],
            [117.0672226, 39.68759537, 10.0],
            [117.0672226, 39.68776703, 10.0],
            [117.06687927, 39.68776703, 10.0],
            [117.06687927, 39.68759537, 10.0]
          ]
        ]
      }
    },
    {
      "type": "Feature",
      "properties": {
        "geohash": "wx51zbvm",
        "floor": 30.0,
        "height": 30.0,
        "NAME": "测试"
      },
      "geometry": {
        "type": "Polygon",
        "coordinates": [
          [
            [117.06653595, 39.68759537, 10.0],
            [117.06687927, 39.68759537, 10.0],
            [117.06687927, 39.68776703, 10.0],
            [117.06653595, 39.68776703, 10.0],
            [117.06653595, 39.68759537, 10.0]
          ]
        ]
      }
    },
    {
      "type": "Feature",
      "properties": {
        "geohash": "wx51zbvq",
        "floor": 30.0,
        "height": 30.0,
        "NAME": "测试"
      },
      "geometry": {
        "type": "Polygon",
        "coordinates": [
          [
            [117.06653595, 39.68776703, 10.0],
            [117.06687927, 39.68776703, 10.0],
            [117.06687927, 39.68793869, 10.0],
            [117.06653595, 39.68793869, 10.0],
            [117.06653595, 39.68776703, 10.0]
          ]
        ]
      }
    },
    {
      "type": "Feature",
      "properties": {
        "geohash": "wx51zbvn",
        "floor": 30.0,
        "height": 30.0,
        "NAME": "测试"
      },
      "geometry": {
        "type": "Polygon",
        "coordinates": [
          [
            [117.06619263, 39.68776703, 10.0],
            [117.06653595, 39.68776703, 10.0],
            [117.06653595, 39.68793869, 10.0],
            [117.06619263, 39.68793869, 10.0],
            [117.06619263, 39.68776703, 10.0]
          ]
        ]
      }
    },
    {
      "type": "Feature",
      "properties": {
        "geohash": "wx51zbuy",
        "floor": 30.0,
        "height": 30.0,
        "NAME": "测试"
      },
      "geometry": {
        "type": "Polygon",
        "coordinates": [
          [
            [117.0658493, 39.68776703, 10.0],
            [117.06619263, 39.68776703, 10.0],
            [117.06619263, 39.68793869, 10.0],
            [117.0658493, 39.68793869, 10.0],
            [117.0658493, 39.68776703, 10.0]
          ]
        ]
      }
    },
    {
      "type": "Feature",
      "properties": {
        "geohash": "wx51zbuw",
        "floor": 30.0,
        "height": 30.0,
        "NAME": "测试"
      },
      "geometry": {
        "type": "Polygon",
        "coordinates": [
          [
            [117.06550598, 39.68776703, 10.0],
            [117.0658493, 39.68776703, 10.0],
            [117.0658493, 39.68793869, 10.0],
            [117.06550598, 39.68793869, 10.0],
            [117.06550598, 39.68776703, 10.0]
          ]
        ]
      }
    },
    {
      "type": "Feature",
      "properties": {
        "geohash": "wx51zbuq",
        "floor": 30.0,
        "height": 30.0,
        "NAME": "测试"
      },
      "geometry": {
        "type": "Polygon",
        "coordinates": [
          [
            [117.06516266, 39.68776703, 10.0],
            [117.06550598, 39.68776703, 10.0],
            [117.06550598, 39.68793869, 10.0],
            [117.06516266, 39.68793869, 10.0],
            [117.06516266, 39.68776703, 10.0]
          ]
        ]
      }
    },
    {
      "type": "Feature",
      "properties": {
        "geohash": "wx51zbun",
        "floor": 30.0,
        "height": 30.0,
        "NAME": "测试"
      },
      "geometry": {
        "type": "Polygon",
        "coordinates": [
          [
            [117.06481934, 39.68776703, 10.0],
            [117.06516266, 39.68776703, 10.0],
            [117.06516266, 39.68793869, 10.0],
            [117.06481934, 39.68793869, 10.0],
            [117.06481934, 39.68776703, 10.0]
          ]
        ]
      }
    },
    {
      "type": "Feature",
      "properties": {
        "geohash": "wx51zbup",
        "floor": 30.0,
        "height": 30.0,
        "NAME": "测试"
      },
      "geometry": {
        "type": "Polygon",
        "coordinates": [
          [
            [117.06481934, 39.68793869, 10.0],
            [117.06516266, 39.68793869, 10.0],
            [117.06516266, 39.68811035, 10.0],
            [117.06481934, 39.68811035, 10.0],
            [117.06481934, 39.68793869, 10.0]
          ]
        ]
      }
    },
    {
      "type": "Feature",
      "properties": {
        "geohash": "wx51zbgz",
        "floor": 30.0,
        "height": 30.0,
        "NAME": "测试"
      },
      "geometry": {
        "type": "Polygon",
        "coordinates": [
          [
            [117.06447601, 39.68793869, 10.0],
            [117.06481934, 39.68793869, 10.0],
            [117.06481934, 39.68811035, 10.0],
            [117.06447601, 39.68811035, 10.0],
            [117.06447601, 39.68793869, 10.0]
          ]
        ]
      }
    },
    {
      "type": "Feature",
      "properties": {
        "geohash": "wx51zbgx",
        "floor": 30.0,
        "height": 30.0,
        "NAME": "测试"
      },
      "geometry": {
        "type": "Polygon",
        "coordinates": [
          [
            [117.06413269, 39.68793869, 10.0],
            [117.06447601, 39.68793869, 10.0],
            [117.06447601, 39.68811035, 10.0],
            [117.06413269, 39.68811035, 10.0],
            [117.06413269, 39.68793869, 10.0]
          ]
        ]
      }
    },
    {
      "type": "Feature",
      "properties": {
        "geohash": "wx51zbgr",
        "floor": 30.0,
        "height": 30.0,
        "NAME": "测试"
      },
      "geometry": {
        "type": "Polygon",
        "coordinates": [
          [
            [117.06378937, 39.68793869, 10.0],
            [117.06413269, 39.68793869, 10.0],
            [117.06413269, 39.68811035, 10.0],
            [117.06378937, 39.68811035, 10.0],
            [117.06378937, 39.68793869, 10.0]
          ]
        ]
      }
    },
    {
      "type": "Feature",
      "properties": {
        "geohash": "wx51zbgp",
        "floor": 30.0,
        "height": 30.0,
        "NAME": "测试"
      },
      "geometry": {
        "type": "Polygon",
        "coordinates": [
          [
            [117.06344604, 39.68793869, 10.0],
            [117.06378937, 39.68793869, 10.0],
            [117.06378937, 39.68811035, 10.0],
            [117.06344604, 39.68811035, 10.0],
            [117.06344604, 39.68793869, 10.0]
          ]
        ]
      }
    },
    {
      "type": "Feature",
      "properties": {
        "geohash": "wx51zbfz",
        "floor": 30.0,
        "height": 30.0,
        "NAME": "测试"
      },
      "geometry": {
        "type": "Polygon",
        "coordinates": [
          [
            [117.06310272, 39.68793869, 10.0],
            [117.06344604, 39.68793869, 10.0],
            [117.06344604, 39.68811035, 10.0],
            [117.06310272, 39.68811035, 10.0],
            [117.06310272, 39.68793869, 10.0]
          ]
        ]
      }
    },
    {
      "type": "Feature",
      "properties": {
        "geohash": "wx51zc4b",
        "floor": 30.0,
        "height": 30.0,
        "NAME": "测试"
      },
      "geometry": {
        "type": "Polygon",
        "coordinates": [
          [
            [117.06310272, 39.68811035, 10.0],
            [117.06344604, 39.68811035, 10.0],
            [117.06344604, 39.68828201, 10.0],
            [117.06310272, 39.68828201, 10.0],
            [117.06310272, 39.68811035, 10.0]
          ]
        ]
      }
    },
    {
      "type": "Feature",
      "properties": {
        "geohash": "wx51zc48",
        "floor": 30.0,
        "height": 30.0,
        "NAME": "测试"
      },
      "geometry": {
        "type": "Polygon",
        "coordinates": [
          [
            [117.0627594, 39.68811035, 10.0],
            [117.06310272, 39.68811035, 10.0],
            [117.06310272, 39.68828201, 10.0],
            [117.0627594, 39.68828201, 10.0],
            [117.0627594, 39.68811035, 10.0]
          ]
        ]
      }
    },
    {
      "type": "Feature",
      "properties": {
        "geohash": "wx51zc42",
        "floor": 30.0,
        "height": 30.0,
        "NAME": "测试"
      },
      "geometry": {
        "type": "Polygon",
        "coordinates": [
          [
            [117.06241608, 39.68811035, 10.0],
            [117.0627594, 39.68811035, 10.0],
            [117.0627594, 39.68828201, 10.0],
            [117.06241608, 39.68828201, 10.0],
            [117.06241608, 39.68811035, 10.0]
          ]
        ]
      }
    },
    {
      "type": "Feature",
      "properties": {
        "geohash": "wx51zc40",
        "floor": 30.0,
        "height": 30.0,
        "NAME": "测试"
      },
      "geometry": {
        "type": "Polygon",
        "coordinates": [
          [
            [117.06207275, 39.68811035, 10.0],
            [117.06241608, 39.68811035, 10.0],
            [117.06241608, 39.68828201, 10.0],
            [117.06207275, 39.68828201, 10.0],
            [117.06207275, 39.68811035, 10.0]
          ]
        ]
      }
    },
    {
      "type": "Feature",
      "properties": {
        "geohash": "wx51zc1b",
        "floor": 30.0,
        "height": 30.0,
        "NAME": "测试"
      },
      "geometry": {
        "type": "Polygon",
        "coordinates": [
          [
            [117.06172943, 39.68811035, 10.0],
            [117.06207275, 39.68811035, 10.0],
            [117.06207275, 39.68828201, 10.0],
            [117.06172943, 39.68828201, 10.0],
            [117.06172943, 39.68811035, 10.0]
          ]
        ]
      }
    },
    {
      "type": "Feature",
      "properties": {
        "geohash": "wx51zc19",
        "floor": 30.0,
        "height": 30.0,
        "NAME": "测试"
      },
      "geometry": {
        "type": "Polygon",
        "coordinates": [
          [
            [117.06138611, 39.68828201, 10.0],
            [117.06172943, 39.68828201, 10.0],
            [117.06172943, 39.68845367, 10.0],
            [117.06138611, 39.68845367, 10.0],
            [117.06138611, 39.68828201, 10.0]
          ]
        ]
      }
    },
    {
      "type": "Feature",
      "properties": {
        "geohash": "wx51zc13",
        "floor": 30.0,
        "height": 30.0,
        "NAME": "测试"
      },
      "geometry": {
        "type": "Polygon",
        "coordinates": [
          [
            [117.06104279, 39.68828201, 10.0],
            [117.06138611, 39.68828201, 10.0],
            [117.06138611, 39.68845367, 10.0],
            [117.06104279, 39.68845367, 10.0],
            [117.06104279, 39.68828201, 10.0]
          ]
        ]
      }
    },
    {
      "type": "Feature",
      "properties": {
        "geohash": "wx51zc11",
        "floor": 30.0,
        "height": 30.0,
        "NAME": "测试"
      },
      "geometry": {
        "type": "Polygon",
        "coordinates": [
          [
            [117.06069946, 39.68828201, 10.0],
            [117.06104279, 39.68828201, 10.0],
            [117.06104279, 39.68845367, 10.0],
            [117.06069946, 39.68845367, 10.0],
            [117.06069946, 39.68828201, 10.0]
          ]
        ]
      }
    },
    {
      "type": "Feature",
      "properties": {
        "geohash": "wx51zc0c",
        "floor": 30.0,
        "height": 30.0,
        "NAME": "测试"
      },
      "geometry": {
        "type": "Polygon",
        "coordinates": [
          [
            [117.06035614, 39.68828201, 10.0],
            [117.06069946, 39.68828201, 10.0],
            [117.06069946, 39.68845367, 10.0],
            [117.06035614, 39.68845367, 10.0],
            [117.06035614, 39.68828201, 10.0]
          ]
        ]
      }
    },
    {
      "type": "Feature",
      "properties": {
        "geohash": "wx51zc09",
        "floor": 30.0,
        "height": 30.0,
        "NAME": "测试"
      },
      "geometry": {
        "type": "Polygon",
        "coordinates": [
          [
            [117.06001282, 39.68828201, 10.0],
            [117.06035614, 39.68828201, 10.0],
            [117.06035614, 39.68845367, 10.0],
            [117.06001282, 39.68845367, 10.0],
            [117.06001282, 39.68828201, 10.0]
          ]
        ]
      }
    },
    {
      "type": "Feature",
      "properties": {
        "geohash": "wx51zc03",
        "floor": 30.0,
        "height": 30.0,
        "NAME": "测试"
      },
      "geometry": {
        "type": "Polygon",
        "coordinates": [
          [
            [117.05966949, 39.68828201, 10.0],
            [117.06001282, 39.68828201, 10.0],
            [117.06001282, 39.68845367, 10.0],
            [117.05966949, 39.68845367, 10.0],
            [117.05966949, 39.68828201, 10.0]
          ]
        ]
      }
    },
    {
      "type": "Feature",
      "properties": {
        "geohash": "wx51zc06",
        "floor": 30.0,
        "height": 30.0,
        "NAME": "测试"
      },
      "geometry": {
        "type": "Polygon",
        "coordinates": [
          [
            [117.05966949, 39.68845367, 10.0],
            [117.06001282, 39.68845367, 10.0],
            [117.06001282, 39.68862534, 10.0],
            [117.05966949, 39.68862534, 10.0],
            [117.05966949, 39.68845367, 10.0]
          ]
        ]
      }
    },
    {
      "type": "Feature",
      "properties": {
        "geohash": "wx51zc04",
        "floor": 30.0,
        "height": 30.0,
        "NAME": "测试"
      },
      "geometry": {
        "type": "Polygon",
        "coordinates": [
          [
            [117.05932617, 39.68845367, 10.0],
            [117.05966949, 39.68845367, 10.0],
            [117.05966949, 39.68862534, 10.0],
            [117.05932617, 39.68862534, 10.0],
            [117.05932617, 39.68845367, 10.0]
          ]
        ]
      }
    },
    {
      "type": "Feature",
      "properties": {
        "geohash": "wx51z9pf",
        "floor": 30.0,
        "height": 30.0,
        "NAME": "测试"
      },
      "geometry": {
        "type": "Polygon",
        "coordinates": [
          [
            [117.05898285, 39.68845367, 10.0],
            [117.05932617, 39.68845367, 10.0],
            [117.05932617, 39.68862534, 10.0],
            [117.05898285, 39.68862534, 10.0],
            [117.05898285, 39.68845367, 10.0]
          ]
        ]
      }
    },
    {
      "type": "Feature",
      "properties": {
        "geohash": "wx51z9pd",
        "floor": 30.0,
        "height": 30.0,
        "NAME": "测试"
      },
      "geometry": {
        "type": "Polygon",
        "coordinates": [
          [
            [117.05863953, 39.68845367, 10.0],
            [117.05898285, 39.68845367, 10.0],
            [117.05898285, 39.68862534, 10.0],
            [117.05863953, 39.68862534, 10.0],
            [117.05863953, 39.68845367, 10.0]
          ]
        ]
      }
    },
    {
      "type": "Feature",
      "properties": {
        "geohash": "wx51z9p6",
        "floor": 30.0,
        "height": 30.0,
        "NAME": "测试"
      },
      "geometry": {
        "type": "Polygon",
        "coordinates": [
          [
            [117.0582962, 39.68845367, 10.0],
            [117.05863953, 39.68845367, 10.0],
            [117.05863953, 39.68862534, 10.0],
            [117.0582962, 39.68862534, 10.0],
            [117.0582962, 39.68845367, 10.0]
          ]
        ]
      }
    },
    {
      "type": "Feature",
      "properties": {
        "geohash": "wx51z9p5",
        "floor": 30.0,
        "height": 30.0,
        "NAME": "测试"
      },
      "geometry": {
        "type": "Polygon",
        "coordinates": [
          [
            [117.05795288, 39.68862534, 10.0],
            [117.0582962, 39.68862534, 10.0],
            [117.0582962, 39.688797, 10.0],
            [117.05795288, 39.688797, 10.0],
            [117.05795288, 39.68862534, 10.0]
          ]
        ]
      }
    },
    {
      "type": "Feature",
      "properties": {
        "geohash": "wx51z9ng",
        "floor": 30.0,
        "height": 30.0,
        "NAME": "测试"
      },
      "geometry": {
        "type": "Polygon",
        "coordinates": [
          [
            [117.05760956, 39.68862534, 10.0],
            [117.05795288, 39.68862534, 10.0],
            [117.05795288, 39.688797, 10.0],
            [117.05760956, 39.688797, 10.0],
            [117.05760956, 39.68862534, 10.0]
          ]
        ]
      }
    },
    {
      "type": "Feature",
      "properties": {
        "geohash": "wx51z9ne",
        "floor": 30.0,
        "height": 30.0,
        "NAME": "测试"
      },
      "geometry": {
        "type": "Polygon",
        "coordinates": [
          [
            [117.05726624, 39.68862534, 10.0],
            [117.05760956, 39.68862534, 10.0],
            [117.05760956, 39.688797, 10.0],
            [117.05726624, 39.688797, 10.0],
            [117.05726624, 39.68862534, 10.0]
          ]
        ]
      }
    },
    {
      "type": "Feature",
      "properties": {
        "geohash": "wx51z9n7",
        "floor": 30.0,
        "height": 30.0,
        "NAME": "测试"
      },
      "geometry": {
        "type": "Polygon",
        "coordinates": [
          [
            [117.05692291, 39.68862534, 10.0],
            [117.05726624, 39.68862534, 10.0],
            [117.05726624, 39.688797, 10.0],
            [117.05692291, 39.688797, 10.0],
            [117.05692291, 39.68862534, 10.0]
          ]
        ]
      }
    },
    {
      "type": "Feature",
      "properties": {
        "geohash": "wx51z9n5",
        "floor": 30.0,
        "height": 30.0,
        "NAME": "测试"
      },
      "geometry": {
        "type": "Polygon",
        "coordinates": [
          [
            [117.05657959, 39.68862534, 10.0],
            [117.05692291, 39.68862534, 10.0],
            [117.05692291, 39.688797, 10.0],
            [117.05657959, 39.688797, 10.0],
            [117.05657959, 39.68862534, 10.0]
          ]
        ]
      }
    },
    {
      "type": "Feature",
      "properties": {
        "geohash": "wx51z9nh",
        "floor": 30.0,
        "height": 30.0,
        "NAME": "测试"
      },
      "geometry": {
        "type": "Polygon",
        "coordinates": [
          [
            [117.05657959, 39.688797, 10.0],
            [117.05692291, 39.688797, 10.0],
            [117.05692291, 39.68896866, 10.0],
            [117.05657959, 39.68896866, 10.0],
            [117.05657959, 39.688797, 10.0]
          ]
        ]
      }
    },
    {
      "type": "Feature",
      "properties": {
        "geohash": "wx51z9ju",
        "floor": 30.0,
        "height": 30.0,
        "NAME": "测试"
      },
      "geometry": {
        "type": "Polygon",
        "coordinates": [
          [
            [117.05623627, 39.688797, 10.0],
            [117.05657959, 39.688797, 10.0],
            [117.05657959, 39.68896866, 10.0],
            [117.05623627, 39.68896866, 10.0],
            [117.05623627, 39.688797, 10.0]
          ]
        ]
      }
    },
    {
      "type": "Feature",
      "properties": {
        "geohash": "wx51z9js",
        "floor": 30.0,
        "height": 30.0,
        "NAME": "测试"
      },
      "geometry": {
        "type": "Polygon",
        "coordinates": [
          [
            [117.05589294, 39.688797, 10.0],
            [117.05623627, 39.688797, 10.0],
            [117.05623627, 39.68896866, 10.0],
            [117.05589294, 39.68896866, 10.0],
            [117.05589294, 39.688797, 10.0]
          ]
        ]
      }
    },
    {
      "type": "Feature",
      "properties": {
        "geohash": "wx51z9jk",
        "floor": 30.0,
        "height": 30.0,
        "NAME": "测试"
      },
      "geometry": {
        "type": "Polygon",
        "coordinates": [
          [
            [117.05554962, 39.688797, 10.0],
            [117.05589294, 39.688797, 10.0],
            [117.05589294, 39.68896866, 10.0],
            [117.05554962, 39.68896866, 10.0],
            [117.05554962, 39.688797, 10.0]
          ]
        ]
      }
    },
    {
      "type": "Feature",
      "properties": {
        "geohash": "wx51z9jh",
        "floor": 30.0,
        "height": 30.0,
        "NAME": "测试"
      },
      "geometry": {
        "type": "Polygon",
        "coordinates": [
          [
            [117.0552063, 39.688797, 10.0],
            [117.05554962, 39.688797, 10.0],
            [117.05554962, 39.68896866, 10.0],
            [117.0552063, 39.68896866, 10.0],
            [117.0552063, 39.688797, 10.0]
          ]
        ]
      }
    },
    {
      "type": "Feature",
      "properties": {
        "geohash": "wx51z9hu",
        "floor": 30.0,
        "height": 30.0,
        "NAME": "测试"
      },
      "geometry": {
        "type": "Polygon",
        "coordinates": [
          [
            [117.05486298, 39.688797, 10.0],
            [117.0552063, 39.688797, 10.0],
            [117.0552063, 39.68896866, 10.0],
            [117.05486298, 39.68896866, 10.0],
            [117.05486298, 39.688797, 10.0]
          ]
        ]
      }
    },
    {
      "type": "Feature",
      "properties": {
        "geohash": "wx51z9hv",
        "floor": 30.0,
        "height": 30.0,
        "NAME": "测试"
      },
      "geometry": {
        "type": "Polygon",
        "coordinates": [
          [
            [117.05486298, 39.68896866, 10.0],
            [117.0552063, 39.68896866, 10.0],
            [117.0552063, 39.68914032, 10.0],
            [117.05486298, 39.68914032, 10.0],
            [117.05486298, 39.68896866, 10.0]
          ]
        ]
      }
    },
    {
      "type": "Feature",
      "properties": {
        "geohash": "wx51z9ht",
        "floor": 30.0,
        "height": 30.0,
        "NAME": "测试"
      },
      "geometry": {
        "type": "Polygon",
        "coordinates": [
          [
            [117.05451965, 39.68896866, 10.0],
            [117.05486298, 39.68896866, 10.0],
            [117.05486298, 39.68914032, 10.0],
            [117.05451965, 39.68914032, 10.0],
            [117.05451965, 39.68896866, 10.0]
          ]
        ]
      }
    },
    {
      "type": "Feature",
      "properties": {
        "geohash": "wx51z9hm",
        "floor": 30.0,
        "height": 30.0,
        "NAME": "测试"
      },
      "geometry": {
        "type": "Polygon",
        "coordinates": [
          [
            [117.05417633, 39.68896866, 10.0],
            [117.05451965, 39.68896866, 10.0],
            [117.05451965, 39.68914032, 10.0],
            [117.05417633, 39.68914032, 10.0],
            [117.05417633, 39.68896866, 10.0]
          ]
        ]
      }
    },
    {
      "type": "Feature",
      "properties": {
        "geohash": "wx51z9hj",
        "floor": 30.0,
        "height": 30.0,
        "NAME": "测试"
      },
      "geometry": {
        "type": "Polygon",
        "coordinates": [
          [
            [117.05383301, 39.68896866, 10.0],
            [117.05417633, 39.68896866, 10.0],
            [117.05417633, 39.68914032, 10.0],
            [117.05383301, 39.68914032, 10.0],
            [117.05383301, 39.68896866, 10.0]
          ]
        ]
      }
    },
    {
      "type": "Feature",
      "properties": {
        "geohash": "wx51z95v",
        "floor": 30.0,
        "height": 30.0,
        "NAME": "测试"
      },
      "geometry": {
        "type": "Polygon",
        "coordinates": [
          [
            [117.05348969, 39.68896866, 10.0],
            [117.05383301, 39.68896866, 10.0],
            [117.05383301, 39.68914032, 10.0],
            [117.05348969, 39.68914032, 10.0],
            [117.05348969, 39.68896866, 10.0]
          ]
        ]
      }
    },
    {
      "type": "Feature",
      "properties": {
        "geohash": "wx51z95t",
        "floor": 30.0,
        "height": 30.0,
        "NAME": "测试"
      },
      "geometry": {
        "type": "Polygon",
        "coordinates": [
          [
            [117.05314636, 39.68896866, 10.0],
            [117.05348969, 39.68896866, 10.0],
            [117.05348969, 39.68914032, 10.0],
            [117.05314636, 39.68914032, 10.0],
            [117.05314636, 39.68896866, 10.0]
          ]
        ]
      }
    },
    {
      "type": "Feature",
      "properties": {
        "geohash": "wx51z95w",
        "floor": 30.0,
        "height": 30.0,
        "NAME": "测试"
      },
      "geometry": {
        "type": "Polygon",
        "coordinates": [
          [
            [117.05314636, 39.68914032, 10.0],
            [117.05348969, 39.68914032, 10.0],
            [117.05348969, 39.68931198, 10.0],
            [117.05314636, 39.68931198, 10.0],
            [117.05314636, 39.68914032, 10.0]
          ]
        ]
      }
    },
    {
      "type": "Feature",
      "properties": {
        "geohash": "wx51z95q",
        "floor": 30.0,
        "height": 30.0,
        "NAME": "测试"
      },
      "geometry": {
        "type": "Polygon",
        "coordinates": [
          [
            [117.05280304, 39.68914032, 10.0],
            [117.05314636, 39.68914032, 10.0],
            [117.05314636, 39.68931198, 10.0],
            [117.05280304, 39.68931198, 10.0],
            [117.05280304, 39.68914032, 10.0]
          ]
        ]
      }
    },
    {
      "type": "Feature",
      "properties": {
        "geohash": "wx51z95n",
        "floor": 30.0,
        "height": 30.0,
        "NAME": "测试"
      },
      "geometry": {
        "type": "Polygon",
        "coordinates": [
          [
            [117.05245972, 39.68914032, 10.0],
            [117.05280304, 39.68914032, 10.0],
            [117.05280304, 39.68931198, 10.0],
            [117.05245972, 39.68931198, 10.0],
            [117.05245972, 39.68914032, 10.0]
          ]
        ]
      }
    },
    {
      "type": "Feature",
      "properties": {
        "geohash": "wx51z94y",
        "floor": 30.0,
        "height": 30.0,
        "NAME": "测试"
      },
      "geometry": {
        "type": "Polygon",
        "coordinates": [
          [
            [117.05211639, 39.68914032, 10.0],
            [117.05245972, 39.68914032, 10.0],
            [117.05245972, 39.68931198, 10.0],
            [117.05211639, 39.68931198, 10.0],
            [117.05211639, 39.68914032, 10.0]
          ]
        ]
      }
    },
    {
      "type": "Feature",
      "properties": {
        "geohash": "wx51z94w",
        "floor": 30.0,
        "height": 30.0,
        "NAME": "测试"
      },
      "geometry": {
        "type": "Polygon",
        "coordinates": [
          [
            [117.05177307, 39.68914032, 10.0],
            [117.05211639, 39.68914032, 10.0],
            [117.05211639, 39.68931198, 10.0],
            [117.05177307, 39.68931198, 10.0],
            [117.05177307, 39.68914032, 10.0]
          ]
        ]
      }
    },
    {
      "type": "Feature",
      "properties": {
        "geohash": "wx51z94q",
        "floor": 30.0,
        "height": 30.0,
        "NAME": "测试"
      },
      "geometry": {
        "type": "Polygon",
        "coordinates": [
          [
            [117.05142975, 39.68914032, 10.0],
            [117.05177307, 39.68914032, 10.0],
            [117.05177307, 39.68931198, 10.0],
            [117.05142975, 39.68931198, 10.0],
            [117.05142975, 39.68914032, 10.0]
          ]
        ]
      }
    },
    {
      "type": "Feature",
      "properties": {
        "geohash": "wx51z94r",
        "floor": 30.0,
        "height": 30.0,
        "NAME": "测试"
      },
      "geometry": {
        "type": "Polygon",
        "coordinates": [
          [
            [117.05142975, 39.68931198, 10.0],
            [117.05177307, 39.68931198, 10.0],
            [117.05177307, 39.68948364, 10.0],
            [117.05142975, 39.68948364, 10.0],
            [117.05142975, 39.68931198, 10.0]
          ]
        ]
      }
    },
    {
      "type": "Feature",
      "properties": {
        "geohash": "wx51z94p",
        "floor": 30.0,
        "height": 30.0,
        "NAME": "测试"
      },
      "geometry": {
        "type": "Polygon",
        "coordinates": [
          [
            [117.05108643, 39.68931198, 10.0],
            [117.05142975, 39.68931198, 10.0],
            [117.05142975, 39.68948364, 10.0],
            [117.05108643, 39.68948364, 10.0],
            [117.05108643, 39.68931198, 10.0]
          ]
        ]
      }
    },
    {
      "type": "Feature",
      "properties": {
        "geohash": "wx51z91z",
        "floor": 30.0,
        "height": 30.0,
        "NAME": "测试"
      },
      "geometry": {
        "type": "Polygon",
        "coordinates": [
          [
            [117.0507431, 39.68931198, 10.0],
            [117.05108643, 39.68931198, 10.0],
            [117.05108643, 39.68948364, 10.0],
            [117.0507431, 39.68948364, 10.0],
            [117.0507431, 39.68931198, 10.0]
          ]
        ]
      }
    },
    {
      "type": "Feature",
      "properties": {
        "geohash": "wx51z91x",
        "floor": 30.0,
        "height": 30.0,
        "NAME": "测试"
      },
      "geometry": {
        "type": "Polygon",
        "coordinates": [
          [
            [117.05039978, 39.68931198, 10.0],
            [117.0507431, 39.68931198, 10.0],
            [117.0507431, 39.68948364, 10.0],
            [117.05039978, 39.68948364, 10.0],
            [117.05039978, 39.68931198, 10.0]
          ]
        ]
      }
    },
    {
      "type": "Feature",
      "properties": {
        "geohash": "wx51z91r",
        "floor": 30.0,
        "height": 30.0,
        "NAME": "测试"
      },
      "geometry": {
        "type": "Polygon",
        "coordinates": [
          [
            [117.05005646, 39.68931198, 10.0],
            [117.05039978, 39.68931198, 10.0],
            [117.05039978, 39.68948364, 10.0],
            [117.05005646, 39.68948364, 10.0],
            [117.05005646, 39.68931198, 10.0]
          ]
        ]
      }
    },
    {
      "type": "Feature",
      "properties": {
        "geohash": "wx51z930",
        "floor": 30.0,
        "height": 30.0,
        "NAME": "测试"
      },
      "geometry": {
        "type": "Polygon",
        "coordinates": [
          [
            [117.04971313, 39.68948364, 10.0],
            [117.05005646, 39.68948364, 10.0],
            [117.05005646, 39.6896553, 10.0],
            [117.04971313, 39.6896553, 10.0],
            [117.04971313, 39.68948364, 10.0]
          ]
        ]
      }
    },
    {
      "type": "Feature",
      "properties": {
        "geohash": "wx51z92b",
        "floor": 30.0,
        "height": 30.0,
        "NAME": "测试"
      },
      "geometry": {
        "type": "Polygon",
        "coordinates": [
          [
            [117.04936981, 39.68948364, 10.0],
            [117.04971313, 39.68948364, 10.0],
            [117.04971313, 39.6896553, 10.0],
            [117.04936981, 39.6896553, 10.0],
            [117.04936981, 39.68948364, 10.0]
          ]
        ]
      }
    },
    {
      "type": "Feature",
      "properties": {
        "geohash": "wx51z928",
        "floor": 30.0,
        "height": 30.0,
        "NAME": "测试"
      },
      "geometry": {
        "type": "Polygon",
        "coordinates": [
          [
            [117.04902649, 39.68948364, 10.0],
            [117.04936981, 39.68948364, 10.0],
            [117.04936981, 39.6896553, 10.0],
            [117.04902649, 39.6896553, 10.0],
            [117.04902649, 39.68948364, 10.0]
          ]
        ]
      }
    },
    {
      "type": "Feature",
      "properties": {
        "geohash": "wx51z922",
        "floor": 30.0,
        "height": 30.0,
        "NAME": "测试"
      },
      "geometry": {
        "type": "Polygon",
        "coordinates": [
          [
            [117.04868317, 39.68948364, 10.0],
            [117.04902649, 39.68948364, 10.0],
            [117.04902649, 39.6896553, 10.0],
            [117.04868317, 39.6896553, 10.0],
            [117.04868317, 39.68948364, 10.0]
          ]
        ]
      }
    },
    {
      "type": "Feature",
      "properties": {
        "geohash": "wx51z920",
        "floor": 30.0,
        "height": 30.0,
        "NAME": "测试"
      },
      "geometry": {
        "type": "Polygon",
        "coordinates": [
          [
            [117.04833984, 39.68948364, 10.0],
            [117.04868317, 39.68948364, 10.0],
            [117.04868317, 39.6896553, 10.0],
            [117.04833984, 39.6896553, 10.0],
            [117.04833984, 39.68948364, 10.0]
          ]
        ]
      }
    },
    {
      "type": "Feature",
      "properties": {
        "geohash": "wx51z3rb",
        "floor": 30.0,
        "height": 30.0,
        "NAME": "测试"
      },
      "geometry": {
        "type": "Polygon",
        "coordinates": [
          [
            [117.04799652, 39.68948364, 10.0],
            [117.04833984, 39.68948364, 10.0],
            [117.04833984, 39.6896553, 10.0],
            [117.04799652, 39.6896553, 10.0],
            [117.04799652, 39.68948364, 10.0]
          ]
        ]
      }
    },
    {
      "type": "Feature",
      "properties": {
        "geohash": "wx51z3rc",
        "floor": 30.0,
        "height": 30.0,
        "NAME": "测试"
      },
      "geometry": {
        "type": "Polygon",
        "coordinates": [
          [
            [117.04799652, 39.6896553, 10.0],
            [117.04833984, 39.6896553, 10.0],
            [117.04833984, 39.68982697, 10.0],
            [117.04799652, 39.68982697, 10.0],
            [117.04799652, 39.6896553, 10.0]
          ]
        ]
      }
    }
  ]
}
